method,seed,trial_id,freezing_ratio,learning_rate,dropout_rate,l2_reg,optimizer,batch_size,val_accuracy,test_accuracy,best_epoch,total_epochs,training_time_seconds,from_cache,timestamp
particle_swarm_optimization,0,0,0.9,5e-05,0.0,0.001,sgd,32,0.4077253341674804,0.5043103694915771,,,0.0,True,2026-05-30T01:11:18.507124
particle_swarm_optimization,0,1,0.99,1e-05,0.5,0.002,sgd,16,0.3218884170055389,0.2931034564971924,,,0.0,True,2026-05-30T01:11:18.507647
particle_swarm_optimization,0,2,0.9,0.0001,0.6,0.1,sgd,16,0.6695278882980347,0.6724137663841248,,,0.0,True,2026-05-30T01:11:18.508111
particle_swarm_optimization,0,3,0.85,0.005,0.6,0.005,adamw,8,0.9356223344802856,0.9181034564971924,,,0.0,True,2026-05-30T01:11:18.508620
particle_swarm_optimization,0,4,0.7,0.001,0.5,0.002,sgd,8,0.9356223344802856,0.9008620977401732,,,0.0,True,2026-05-30T01:11:18.509114
particle_swarm_optimization,0,5,0.85,5e-05,0.0,0.02,adam,32,0.8927038908004761,0.892241358757019,14,25,89.0,False,2026-05-30T01:12:53.763082
particle_swarm_optimization,0,6,0.85,0.005,0.3,0.005,adamw,32,0.9184549450874329,0.9137930870056152,17,28,59.3,False,2026-05-30T01:13:56.355353
particle_swarm_optimization,0,7,0.85,0.001,0.5,0.1,adam,32,0.9313304424285888,0.943965494632721,,,0.0,True,2026-05-30T01:13:56.361463
particle_swarm_optimization,0,8,0.7,0.005,0.6,0.05,adamw,8,0.9270386099815369,0.9181034564971924,34,40,84.1,False,2026-05-30T01:15:21.412713
particle_swarm_optimization,0,9,0.7,0.001,0.4,0.001,sgd,8,0.9184549450874329,0.9137930870056152,9,20,47.7,False,2026-05-30T01:16:10.263747
particle_swarm_optimization,0,10,0.85,0.0001,0.2,0.002,adamw,32,0.9098712205886841,0.9137930870056152,15,26,57.8,False,2026-05-30T01:17:11.682324
particle_swarm_optimization,0,11,0.9,5e-05,0.5,0.002,adamw,16,0.8884119987487793,0.9051724076271057,25,36,81.9,False,2026-05-30T01:18:38.042364
particle_swarm_optimization,0,12,0.9,0.0005,0.6,0.05,adamw,16,0.9356223344802856,0.9396551847457886,11,22,59.5,False,2026-05-30T01:19:42.188892
particle_swarm_optimization,0,13,0.85,0.005,0.6,0.005,adamw,16,0.9270386099815369,0.931034505367279,20,31,70.1,False,2026-05-30T01:20:57.514562
particle_swarm_optimization,0,14,0.8,0.005,0.6,0.01,sgd,8,0.9227467775344848,0.9353448152542114,,,0.0,True,2026-05-30T01:20:57.539916
particle_swarm_optimization,0,15,0.85,0.0001,0.2,0.005,adamw,16,0.9356223344802856,0.9396551847457886,15,26,65.4,False,2026-05-30T01:22:07.375104
particle_swarm_optimization,0,16,0.9,0.005,0.5,0.005,adamw,32,0.9227467775344848,0.926724135875702,,,0.0,True,2026-05-30T01:22:07.387650
particle_swarm_optimization,0,17,0.85,0.005,0.4,0.05,adam,16,0.9227467775344849,0.9094827771186829,14,25,64.2,False,2026-05-30T01:23:16.640623
particle_swarm_optimization,0,18,0.8,0.005,0.6,0.02,adamw,8,0.9270386099815369,0.931034505367279,23,34,70.6,False,2026-05-30T01:24:29.052030
particle_swarm_optimization,0,19,0.7,0.005,0.5,0.002,adamw,8,0.8798283338546753,0.8663793206214905,10,21,60.3,False,2026-05-30T01:25:31.293526
particle_swarm_optimization,0,20,0.9,0.001,0.3,0.005,adamw,16,0.9184549450874329,0.9396551847457886,8,19,55.6,False,2026-05-30T01:26:31.729981
particle_swarm_optimization,0,21,0.85,0.0001,0.6,0.01,adamw,16,0.9227467775344849,0.9267241358757019,22,33,78.1,False,2026-05-30T01:27:54.679866
particle_swarm_optimization,0,22,0.9,0.001,0.6,0.02,adamw,8,0.9184549450874329,0.943965494632721,10,21,52.1,False,2026-05-30T01:28:48.777798
particle_swarm_optimization,0,23,0.95,0.001,0.6,0.02,adamw,16,0.9141631126403809,0.931034505367279,26,37,68.8,False,2026-05-30T01:30:02.744872
particle_swarm_optimization,0,24,0.85,0.0005,0.6,0.02,adamw,16,0.9399141669273376,0.9525862336158752,20,31,72.5,False,2026-05-30T01:31:21.267210
particle_swarm_optimization,0,25,0.85,0.0005,0.3,0.005,adamw,8,0.9227467775344849,0.9396551847457886,8,19,49.6,False,2026-05-30T01:32:13.128205
particle_swarm_optimization,0,26,0.9,0.001,0.6,0.01,adamw,32,0.9184549450874329,0.931034505367279,9,20,75.7,False,2026-05-30T01:45:59.036906
particle_swarm_optimization,0,27,0.85,0.005,0.6,0.05,adamw,16,0.9484978318214417,0.9267241358757019,28,39,80.3,False,2026-05-30T01:47:22.436509
particle_swarm_optimization,0,28,0.85,0.005,0.6,0.02,adamw,16,0.9399141669273376,0.9181034564971924,21,32,66.3,False,2026-05-30T01:48:31.963066
particle_swarm_optimization,0,29,0.8,0.001,0.5,0.005,adamw,8,0.9098712205886841,0.9094827771186829,7,18,48.6,False,2026-05-30T01:49:21.666990
particle_swarm_optimization,0,30,0.85,0.005,0.4,0.02,adam,8,0.9270386099815368,0.9396551847457886,,,0.0,True,2026-05-30T01:49:21.684472
particle_swarm_optimization,0,31,0.85,0.0005,0.6,0.02,adam,16,0.9356223344802856,0.9267241358757019,6,17,47.3,False,2026-05-30T01:50:12.434606
particle_swarm_optimization,0,32,0.85,0.001,0.6,0.05,adamw,16,0.9399141669273376,0.9353448152542114,33,40,72.1,False,2026-05-30T01:51:28.069634
particle_swarm_optimization,0,33,0.9,0.0005,0.6,0.05,adamw,8,0.9313304424285889,0.9267241358757019,14,25,49.2,False,2026-05-30T01:52:18.496030
particle_swarm_optimization,0,34,0.9,0.001,0.6,0.05,adamw,16,0.9313304424285889,0.931034505367279,9,20,49.5,False,2026-05-30T01:53:11.892486
particle_swarm_optimization,0,35,0.85,0.001,0.3,0.02,adamw,16,0.9313304424285889,0.9181034564971924,12,23,54.1,False,2026-05-30T01:54:09.647898
particle_swarm_optimization,0,36,0.9,0.005,0.5,0.02,adamw,16,0.9356223344802856,0.943965494632721,30,40,70.0,False,2026-05-30T01:55:23.399649
particle_swarm_optimization,0,37,0.85,0.001,0.6,0.05,adamw,8,0.9313304424285889,0.9267241358757019,17,28,57.0,False,2026-05-30T01:56:21.957826
particle_swarm_optimization,0,38,0.9,0.001,0.5,0.05,adamw,16,0.9270386099815369,0.9267241358757019,14,25,54.9,False,2026-05-30T01:57:20.726833
particle_swarm_optimization,0,39,0.7,0.001,0.5,0.02,adamw,8,0.9356223344802856,0.9396551847457886,18,29,65.7,False,2026-05-30T01:58:28.053692
particle_swarm_optimization,0,40,0.85,0.005,0.5,0.05,adam,8,0.9270386099815369,0.9181034564971924,11,22,47.6,False,2026-05-30T01:59:17.394019
particle_swarm_optimization,0,41,0.8,0.005,0.6,0.1,adam,16,0.9484978318214417,0.9396551847457886,28,39,74.0,False,2026-05-30T02:00:35.617512
particle_swarm_optimization,0,42,0.8,0.005,0.5,0.1,adam,16,0.9442059993743896,0.931034505367279,,,0.0,True,2026-05-30T02:00:35.630519
particle_swarm_optimization,0,43,0.85,0.001,0.6,0.05,adamw,8,0.9313304424285889,0.9267241358757019,,,0.0,True,2026-05-30T02:00:35.637931
particle_swarm_optimization,0,44,0.9,0.001,0.6,0.02,adamw,16,0.9313304424285889,0.9396551847457886,4,15,44.7,False,2026-05-30T02:01:24.623003
particle_swarm_optimization,0,45,0.85,0.001,0.4,0.05,adam,16,0.9141631126403807,0.9224137663841248,,,0.0,True,2026-05-30T02:01:24.636192
particle_swarm_optimization,0,46,0.85,0.005,0.5,0.05,adam,8,0.9270386099815369,0.9181034564971924,,,0.0,True,2026-05-30T02:01:24.643665
particle_swarm_optimization,0,47,0.85,0.001,0.6,0.05,adamw,8,0.9313304424285889,0.9267241358757019,,,0.0,True,2026-05-30T02:01:24.644862
particle_swarm_optimization,0,48,0.85,0.001,0.6,0.05,adamw,16,0.9399141669273376,0.9353448152542114,,,0.0,True,2026-05-30T02:01:24.645548
particle_swarm_optimization,0,49,0.85,0.001,0.6,0.05,adam,8,0.9313304424285889,0.9094827771186829,11,22,47.6,False,2026-05-30T02:02:14.130483
particle_swarm_optimization,0,50,0.85,0.005,0.6,0.1,adam,8,0.9270386099815368,0.9353448152542114,,,0.0,True,2026-05-30T02:02:14.151549
particle_swarm_optimization,0,51,0.8,0.005,0.6,0.1,adam,16,0.9484978318214417,0.9396551847457886,,,0.0,True,2026-05-30T02:02:14.152989
particle_swarm_optimization,0,52,0.8,0.005,0.5,0.1,adam,16,0.9442059993743896,0.931034505367279,,,0.0,True,2026-05-30T02:02:14.153769
particle_swarm_optimization,0,53,0.8,0.005,0.6,0.02,adam,8,0.9356223344802856,0.9267241358757019,15,26,54.3,False,2026-05-30T02:03:10.508807
particle_swarm_optimization,0,54,0.8,0.001,0.6,0.01,adamw,8,0.9227467775344848,0.9396551847457886,,,0.0,True,2026-05-30T02:03:10.532231
particle_swarm_optimization,0,55,0.85,0.001,0.4,0.02,adam,16,0.9055793881416321,0.9137930870056152,3,14,45.1,False,2026-05-30T02:04:00.354001
particle_swarm_optimization,0,56,0.85,0.005,0.6,0.1,adam,8,0.9270386099815368,0.9353448152542114,,,0.0,True,2026-05-30T02:04:00.376995
particle_swarm_optimization,0,57,0.85,0.005,0.6,0.05,adam,16,0.9356223344802856,0.9396551847457886,26,37,70.0,False,2026-05-30T02:05:15.115012
particle_swarm_optimization,0,58,0.8,0.005,0.6,0.02,adam,16,0.9399141669273376,0.9396551847457886,23,34,68.7,False,2026-05-30T02:06:28.513799
particle_swarm_optimization,0,59,0.8,0.001,0.6,0.1,adamw,8,0.9399141669273376,0.9612069129943848,19,30,60.4,False,2026-05-30T02:07:31.241792
particle_swarm_optimization,0,60,0.8,0.005,0.6,0.1,adam,8,0.9141631126403807,0.931034505367279,,,0.0,True,2026-05-30T02:07:31.263204
particle_swarm_optimization,0,61,0.8,0.001,0.6,0.1,adam,16,0.9313304424285889,0.9568965435028076,17,28,61.5,False,2026-05-30T02:08:37.604375
particle_swarm_optimization,0,62,0.8,0.005,0.6,0.1,adam,16,0.9484978318214417,0.9396551847457886,,,0.0,True,2026-05-30T02:08:37.618266
particle_swarm_optimization,0,63,0.85,0.005,0.6,0.01,adam,16,0.9356223344802856,0.926724135875702,,,0.0,True,2026-05-30T02:08:37.625733
particle_swarm_optimization,0,64,0.85,0.001,0.6,0.01,adamw,16,0.9270386099815368,0.892241358757019,,,0.0,True,2026-05-30T02:08:37.626950
particle_swarm_optimization,0,65,0.8,0.001,0.3,0.02,adam,16,0.9227467775344848,0.931034505367279,,,0.0,True,2026-05-30T02:08:37.627695
particle_swarm_optimization,0,66,0.85,0.001,0.6,0.05,adamw,16,0.9399141669273376,0.9353448152542114,,,0.0,True,2026-05-30T02:08:37.628332
particle_swarm_optimization,0,67,0.85,0.005,0.6,0.05,adam,16,0.9356223344802856,0.9396551847457886,,,0.0,True,2026-05-30T02:08:37.628953
particle_swarm_optimization,0,68,0.8,0.001,0.6,0.02,adamw,16,0.9313304424285889,0.9137930870056152,3,14,47.1,False,2026-05-30T02:09:29.611170
particle_swarm_optimization,0,69,0.8,0.001,0.6,0.1,adam,16,0.9313304424285889,0.9568965435028076,,,0.0,True,2026-05-30T02:09:29.634411
particle_swarm_optimization,0,70,0.85,0.005,0.6,0.05,adam,8,0.9442059993743896,0.943965494632721,23,34,62.0,False,2026-05-30T02:10:34.015098
particle_swarm_optimization,0,71,0.8,0.001,0.6,0.05,adam,16,0.9399141669273376,0.9568965435028076,34,40,75.0,False,2026-05-30T02:11:54.117484
particle_swarm_optimization,0,72,0.8,0.001,0.6,0.05,adam,16,0.9399141669273376,0.9568965435028076,,,0.0,True,2026-05-30T02:11:54.142459
particle_swarm_optimization,0,73,0.9,0.001,0.6,0.02,adamw,8,0.9184549450874328,0.943965494632721,,,0.0,True,2026-05-30T02:11:54.143283
particle_swarm_optimization,0,74,0.85,0.001,0.6,0.05,adamw,16,0.9399141669273376,0.9353448152542114,,,0.0,True,2026-05-30T02:11:54.144129
particle_swarm_optimization,0,75,0.85,0.0005,0.4,0.01,adamw,16,0.9313304424285889,0.943965494632721,5,16,48.0,False,2026-05-30T02:12:47.254993
particle_swarm_optimization,0,76,0.8,0.0005,0.6,0.02,adam,16,0.9313304424285889,0.9181034564971924,11,22,80.5,False,2026-05-30T02:16:38.636743
particle_swarm_optimization,0,77,0.85,0.005,0.6,0.05,adamw,16,0.9484978318214417,0.926724135875702,,,0.0,True,2026-05-30T02:16:38.641142
particle_swarm_optimization,0,78,0.8,0.001,0.6,0.05,adamw,16,0.9270386099815369,0.931034505367279,19,30,64.3,False,2026-05-30T02:17:46.063732
particle_swarm_optimization,0,79,0.8,0.005,0.6,0.1,adam,16,0.9484978318214417,0.9396551847457886,,,0.0,True,2026-05-30T02:17:46.070214
particle_swarm_optimization,0,80,0.85,0.001,0.6,0.05,adam,8,0.9313304424285888,0.9094827771186828,,,0.0,True,2026-05-30T02:17:46.078192
particle_swarm_optimization,0,81,0.8,0.005,0.6,0.1,adam,16,0.9484978318214417,0.9396551847457886,,,0.0,True,2026-05-30T02:17:46.078905
particle_swarm_optimization,0,82,0.85,0.005,0.6,0.05,adam,16,0.9356223344802856,0.9396551847457886,,,0.0,True,2026-05-30T02:17:46.079615
particle_swarm_optimization,0,83,0.85,0.001,0.6,0.05,adamw,8,0.9313304424285888,0.926724135875702,,,0.0,True,2026-05-30T02:17:46.080218
particle_swarm_optimization,0,84,0.85,0.001,0.6,0.1,adam,16,0.9313304424285889,0.9051724076271057,7,18,47.4,False,2026-05-30T02:18:36.816861
particle_swarm_optimization,0,85,0.85,0.0001,0.5,0.02,adamw,16,0.9227467775344849,0.9267241358757019,30,40,72.9,False,2026-05-30T02:19:53.203026
particle_swarm_optimization,0,86,0.85,0.001,0.6,0.02,adam,16,0.9356223344802856,0.943965494632721,19,30,61.1,False,2026-05-30T02:20:57.960560
particle_swarm_optimization,0,87,0.85,0.005,0.6,0.1,adamw,8,0.9356223344802856,0.9396551847457886,,,0.0,True,2026-05-30T02:20:57.971724
particle_swarm_optimization,0,88,0.85,0.005,0.6,0.1,adam,16,0.9184549450874329,0.9267241358757019,21,32,63.5,False,2026-05-30T02:22:05.201940
particle_swarm_optimization,0,89,0.85,0.005,0.6,0.1,adam,16,0.9184549450874329,0.9267241358757019,,,0.0,True,2026-05-30T02:22:05.213401
particle_swarm_optimization,0,90,0.85,0.001,0.6,0.1,adam,16,0.9313304424285889,0.9051724076271057,,,0.0,True,2026-05-30T02:22:05.221565
particle_swarm_optimization,0,91,0.8,0.005,0.6,0.1,adam,16,0.9484978318214417,0.9396551847457886,,,0.0,True,2026-05-30T02:22:05.222455
particle_swarm_optimization,0,92,0.7,0.005,0.6,0.1,adam,16,0.9399141669273376,0.9137930870056152,23,34,75.5,False,2026-05-30T02:23:24.266811
particle_swarm_optimization,0,93,0.8,0.005,0.6,0.02,adam,16,0.9399141669273376,0.9396551847457886,,,0.0,True,2026-05-30T02:23:24.279172
particle_swarm_optimization,0,94,0.8,0.001,0.6,0.05,adamw,16,0.9270386099815369,0.931034505367279,,,0.0,True,2026-05-30T02:23:24.286812
particle_swarm_optimization,0,95,0.85,0.0005,0.4,0.05,adam,16,0.9356223344802856,0.9396551847457886,15,26,56.9,False,2026-05-30T02:24:24.976060
particle_swarm_optimization,0,96,0.85,0.005,0.6,0.1,adam,16,0.9184549450874329,0.9267241358757019,,,0.0,True,2026-05-30T02:24:24.988126
particle_swarm_optimization,0,97,0.85,0.005,0.6,0.05,adam,16,0.9356223344802856,0.9396551847457886,,,0.0,True,2026-05-30T02:24:24.995833
particle_swarm_optimization,0,98,0.85,0.005,0.6,0.05,adamw,16,0.9484978318214417,0.926724135875702,,,0.0,True,2026-05-30T02:24:24.996749
particle_swarm_optimization,0,99,0.8,0.005,0.6,0.1,adam,16,0.9484978318214417,0.9396551847457886,,,0.0,True,2026-05-30T02:24:24.997473
particle_swarm_optimization,1,0,0.9,0.005,0.0,0.1,adam,16,0.9356223344802856,0.931034505367279,,,0.0,True,2026-05-30T02:24:24.998852
particle_swarm_optimization,1,1,0.8,0.001,0.2,0.01,adam,16,0.9141631126403807,0.9181034564971924,,,0.0,True,2026-05-30T02:24:24.999270
particle_swarm_optimization,1,2,0.99,0.001,0.4,0.002,adam,32,0.8841201663017273,0.9094827771186828,,,0.0,True,2026-05-30T02:24:24.999729
particle_swarm_optimization,1,3,0.7,0.0005,0.3,0.001,adamw,32,0.909871220588684,0.9137930870056152,,,0.0,True,2026-05-30T02:24:25.000196
particle_swarm_optimization,1,4,0.7,0.001,0.5,0.05,adam,32,0.9141631126403807,0.9094827771186828,,,0.0,True,2026-05-30T02:24:25.000692
particle_swarm_optimization,1,5,0.8,1e-05,0.4,0.05,sgd,8,0.2875536382198334,0.21551723778247833,29,40,73.8,False,2026-05-30T02:25:40.137024
particle_swarm_optimization,1,6,0.99,0.0001,0.4,0.001,sgd,32,0.553648054599762,0.5474137663841248,30,40,68.8,False,2026-05-30T02:26:52.868999
particle_swarm_optimization,1,7,0.95,1e-05,0.5,0.002,adamw,8,0.733905553817749,0.7068965435028076,27,38,62.4,False,2026-05-30T02:27:56.727480
particle_swarm_optimization,1,8,0.7,0.0005,0.3,0.05,adamw,16,0.9313304424285888,0.9353448152542114,,,0.0,True,2026-05-30T02:27:56.739640
particle_swarm_optimization,1,9,0.99,5e-05,0.2,0.001,adam,32,0.7896995544433594,0.8275862336158752,27,38,59.3,False,2026-05-30T02:29:00.063644
particle_swarm_optimization,1,10,0.9,0.005,0.0,0.1,adamw,16,0.9313304424285889,0.9353448152542114,30,40,70.6,False,2026-05-30T02:30:14.642544
particle_swarm_optimization,1,11,0.85,0.005,0.2,0.02,adam,16,0.9141631126403807,0.9137930870056152,,,0.0,True,2026-05-30T02:30:14.654879
particle_swarm_optimization,1,12,0.95,0.001,0.3,0.01,adam,32,0.9098712205886841,0.9181034564971924,14,25,50.8,False,2026-05-30T02:31:09.484472
particle_swarm_optimization,1,13,0.8,0.001,0.2,0.002,adamw,16,0.9055793881416321,0.9181034564971924,4,15,47.5,False,2026-05-30T02:32:01.041828
particle_swarm_optimization,1,14,0.8,0.005,0.5,0.1,adamw,16,0.9442059993743896,0.926724135875702,,,0.0,True,2026-05-30T02:32:01.055359
particle_swarm_optimization,1,15,0.8,5e-05,0.5,0.1,adamw,16,0.9055793881416321,0.9396551847457886,20,31,66.1,False,2026-05-30T02:33:11.297660
particle_swarm_optimization,1,16,0.95,0.0005,0.5,0.002,adamw,32,0.9141631126403809,0.931034505367279,22,33,57.2,False,2026-05-30T02:34:12.674922
particle_swarm_optimization,1,17,0.95,5e-05,0.5,0.005,adamw,16,0.8583691120147705,0.8620689511299133,26,37,64.4,False,2026-05-30T02:35:21.588748
particle_swarm_optimization,1,18,0.8,0.001,0.3,0.1,adamw,16,0.9399141669273376,0.9353448152542114,24,35,70.7,False,2026-05-30T02:36:36.940100
particle_swarm_optimization,1,19,0.95,0.0001,0.3,0.002,adamw,32,0.8884119987487793,0.8965517282485962,20,31,56.9,False,2026-05-30T02:37:38.413140
particle_swarm_optimization,1,20,0.85,0.005,0.3,0.1,adamw,16,0.9570815563201904,0.9396551847457886,32,40,73.9,False,2026-05-30T02:38:56.969205
particle_swarm_optimization,1,21,0.85,0.005,0.3,0.05,adam,16,0.9484978318214417,0.931034505367279,35,40,72.8,False,2026-05-30T02:40:14.654898
particle_swarm_optimization,1,22,0.9,0.005,0.2,0.02,adamw,16,0.9313304424285889,0.9267241358757019,21,32,88.0,False,2026-05-30T02:44:46.558639
particle_swarm_optimization,1,23,0.8,0.005,0.0,0.01,adamw,16,0.9356223344802856,0.931034505367279,28,39,73.8,False,2026-05-30T02:46:03.753351
particle_swarm_optimization,1,24,0.9,0.005,0.4,0.1,adamw,16,0.8927038908004761,0.8793103694915771,,,0.0,True,2026-05-30T02:46:03.759164
particle_swarm_optimization,1,25,0.85,0.0001,0.4,0.1,adamw,16,0.9270386099815369,0.9353448152542114,21,32,64.1,False,2026-05-30T02:47:11.232217
particle_swarm_optimization,1,26,0.95,0.001,0.5,0.005,adam,16,0.9098712205886841,0.9267241358757019,27,38,64.4,False,2026-05-30T02:48:19.230545
particle_swarm_optimization,1,27,0.9,0.0001,0.4,0.01,adamw,16,0.9313304424285889,0.9224137663841248,17,28,57.5,False,2026-05-30T02:49:20.281434
particle_swarm_optimization,1,28,0.85,0.005,0.3,0.1,adamw,16,0.9570815563201904,0.9396551847457886,,,0.0,True,2026-05-30T02:49:20.292291
particle_swarm_optimization,1,29,0.9,0.0005,0.4,0.01,adamw,32,0.9356223344802856,0.9181034564971924,22,33,70.0,False,2026-05-30T02:50:33.895010
particle_swarm_optimization,1,30,0.85,0.005,0.3,0.1,adamw,16,0.9570815563201904,0.9396551847457886,,,0.0,True,2026-05-30T02:50:33.913514
particle_swarm_optimization,1,31,0.85,0.005,0.3,0.1,adamw,16,0.9570815563201904,0.9396551847457886,,,0.0,True,2026-05-30T02:50:33.914303
particle_swarm_optimization,1,32,0.85,0.005,0.2,0.1,adamw,16,0.9484978318214417,0.9353448152542114,26,37,69.6,False,2026-05-30T02:51:47.371930
particle_swarm_optimization,1,33,0.9,0.005,0.2,0.02,adamw,8,0.9442059993743896,0.931034505367279,,,0.0,True,2026-05-30T02:51:47.383383
particle_swarm_optimization,1,34,0.9,0.005,0.3,0.1,adam,16,0.9484978318214417,0.931034505367279,36,40,70.0,False,2026-05-30T02:53:01.216229
particle_swarm_optimization,1,35,0.9,0.0005,0.3,0.1,adam,16,0.9442059993743896,0.931034505367279,18,29,58.2,False,2026-05-30T02:54:03.267208
particle_swarm_optimization,1,36,0.95,0.001,0.4,0.02,adamw,16,0.9141631126403809,0.9137930870056152,9,20,46.0,False,2026-05-30T02:54:53.079663
particle_swarm_optimization,1,37,0.85,0.0005,0.3,0.05,adamw,16,0.9442059993743896,0.9482758641242981,17,28,60.2,False,2026-05-30T02:55:57.177841
particle_swarm_optimization,1,38,0.9,0.005,0.3,0.1,adam,16,0.9484978318214417,0.931034505367279,,,0.0,True,2026-05-30T02:55:57.190141
particle_swarm_optimization,1,39,0.85,0.005,0.3,0.02,adamw,16,0.9270386099815369,0.9137930870056152,13,24,55.8,False,2026-05-30T02:56:56.980785
particle_swarm_optimization,1,40,0.85,0.005,0.3,0.1,adamw,16,0.9570815563201904,0.9396551847457886,,,0.0,True,2026-05-30T02:56:57.001005
particle_swarm_optimization,1,41,0.85,0.005,0.3,0.1,adamw,16,0.9570815563201904,0.9396551847457886,,,0.0,True,2026-05-30T02:56:57.002344
particle_swarm_optimization,1,42,0.8,0.005,0.3,0.1,adamw,8,0.9184549450874329,0.9353448152542114,21,32,66.6,False,2026-05-30T02:58:05.288775
particle_swarm_optimization,1,43,0.9,0.005,0.3,0.1,adamw,8,0.9141631126403809,0.9396551847457886,15,26,51.1,False,2026-05-30T02:58:58.144082
particle_swarm_optimization,1,44,0.9,0.005,0.2,0.1,adam,16,0.9270386099815369,0.9137930870056152,9,20,48.6,False,2026-05-30T02:59:50.881468
particle_swarm_optimization,1,45,0.9,0.001,0.2,0.1,adam,16,0.9270386099815369,0.892241358757019,12,23,52.2,False,2026-05-30T03:00:47.795586
particle_swarm_optimization,1,46,0.9,0.0005,0.4,0.005,adamw,16,0.9270386099815369,0.931034505367279,7,18,47.5,False,2026-05-30T03:01:39.793838
particle_swarm_optimization,1,47,0.85,0.005,0.2,0.1,adamw,16,0.9484978318214417,0.9353448152542114,,,0.0,True,2026-05-30T03:01:39.807113
particle_swarm_optimization,1,48,0.85,0.005,0.3,0.1,adamw,16,0.9570815563201904,0.9396551847457886,,,0.0,True,2026-05-30T03:01:39.814562
particle_swarm_optimization,1,49,0.9,0.005,0.4,0.05,adamw,16,0.9313304424285888,0.9224137663841248,,,0.0,True,2026-05-30T03:01:39.815490
particle_swarm_optimization,1,50,0.9,0.005,0.2,0.1,adamw,16,0.8841201663017273,0.8793103694915771,8,19,49.4,False,2026-05-30T03:02:33.758031
particle_swarm_optimization,1,51,0.85,0.005,0.3,0.1,adamw,16,0.9570815563201904,0.9396551847457886,,,0.0,True,2026-05-30T03:02:33.771030
particle_swarm_optimization,1,52,0.85,0.005,0.3,0.1,adamw,16,0.9570815563201904,0.9396551847457886,,,0.0,True,2026-05-30T03:02:33.778634
particle_swarm_optimization,1,53,0.9,0.005,0.3,0.1,adamw,16,0.8712446093559265,0.857758641242981,5,16,45.8,False,2026-05-30T03:03:23.981032
particle_swarm_optimization,1,54,0.85,0.005,0.3,0.1,adamw,16,0.9570815563201904,0.9396551847457886,,,0.0,True,2026-05-30T03:03:23.994504
particle_swarm_optimization,1,55,0.9,0.001,0.3,0.1,adam,16,0.9270386099815369,0.9267241358757019,3,14,42.6,False,2026-05-30T03:04:11.352409
particle_swarm_optimization,1,56,0.85,0.001,0.3,0.02,adamw,16,0.9313304424285888,0.9181034564971924,,,0.0,True,2026-05-30T03:04:11.366799
particle_swarm_optimization,1,57,0.8,0.005,0.2,0.1,adamw,16,0.9356223344802856,0.931034505367279,,,0.0,True,2026-05-30T03:04:11.374186
particle_swarm_optimization,1,58,0.8,0.005,0.3,0.1,adamw,16,0.9570815563201904,0.9525862336158752,29,40,76.6,False,2026-05-30T03:05:32.498967
particle_swarm_optimization,1,59,0.95,0.005,0.4,0.05,adamw,16,0.9227467775344849,0.9094827771186829,26,37,64.4,False,2026-05-30T03:06:41.686218
particle_swarm_optimization,1,60,0.9,0.005,0.2,0.1,adamw,16,0.8841201663017273,0.8793103694915771,,,0.0,True,2026-05-30T03:06:41.707042
particle_swarm_optimization,1,61,0.85,0.005,0.3,0.1,adamw,16,0.9570815563201904,0.9396551847457886,,,0.0,True,2026-05-30T03:06:41.708351
particle_swarm_optimization,1,62,0.9,0.005,0.3,0.1,adamw,16,0.8712446093559265,0.857758641242981,,,0.0,True,2026-05-30T03:06:41.709142
particle_swarm_optimization,1,63,0.85,0.005,0.2,0.05,adamw,16,0.9313304424285889,0.9224137663841248,29,40,74.9,False,2026-05-30T03:08:01.655571
particle_swarm_optimization,1,64,0.85,0.005,0.3,0.1,adamw,16,0.9570815563201904,0.9396551847457886,,,0.0,True,2026-05-30T03:08:01.686099
particle_swarm_optimization,1,65,0.9,0.005,0.4,0.1,adam,16,0.9442059993743896,0.931034505367279,33,40,70.3,False,2026-05-30T03:09:16.922663
particle_swarm_optimization,1,66,0.85,0.005,0.2,0.05,adamw,16,0.9313304424285888,0.9224137663841248,,,0.0,True,2026-05-30T03:11:11.440631
particle_swarm_optimization,1,67,0.9,0.005,0.3,0.1,adamw,16,0.8712446093559265,0.857758641242981,,,0.0,True,2026-05-30T03:11:11.441359
particle_swarm_optimization,1,68,0.85,0.005,0.3,0.1,adamw,16,0.9570815563201904,0.9396551847457886,,,0.0,True,2026-05-30T03:11:11.441953
particle_swarm_optimization,1,69,0.9,0.001,0.3,0.01,adamw,32,0.9098712205886841,0.931034505367279,10,21,75.4,False,2026-05-30T03:12:33.112109
particle_swarm_optimization,1,70,0.85,0.005,0.3,0.1,adamw,16,0.9570815563201904,0.9396551847457886,,,0.0,True,2026-05-30T03:12:33.123487
particle_swarm_optimization,1,71,0.85,0.005,0.3,0.1,adam,16,0.9399141669273376,0.931034505367279,20,31,70.3,False,2026-05-30T03:13:46.487377
particle_swarm_optimization,1,72,0.9,0.005,0.3,0.1,adamw,16,0.8712446093559265,0.857758641242981,,,0.0,True,2026-05-30T03:13:46.493103
particle_swarm_optimization,1,73,0.85,0.005,0.2,0.02,adamw,8,0.9227467775344849,0.9224137663841248,21,32,63.7,False,2026-05-30T03:14:51.123784
particle_swarm_optimization,1,74,0.85,0.005,0.3,0.1,adamw,16,0.9570815563201904,0.9396551847457886,,,0.0,True,2026-05-30T03:14:51.131335
particle_swarm_optimization,1,75,0.85,0.001,0.2,0.1,adam,16,0.9227467775344849,0.931034505367279,7,18,47.3,False,2026-05-30T03:15:41.887210
particle_swarm_optimization,1,76,0.85,0.005,0.2,0.1,adamw,16,0.9484978318214417,0.9353448152542114,,,0.0,True,2026-05-30T03:15:41.896985
particle_swarm_optimization,1,77,0.9,0.005,0.2,0.1,adamw,16,0.8841201663017273,0.8793103694915771,,,0.0,True,2026-05-30T03:15:41.904471
particle_swarm_optimization,1,78,0.85,0.005,0.3,0.1,adamw,16,0.9570815563201904,0.9396551847457886,,,0.0,True,2026-05-30T03:15:41.906194
particle_swarm_optimization,1,79,0.85,0.001,0.3,0.02,adamw,32,0.9270386099815369,0.9353448152542114,8,19,48.5,False,2026-05-30T03:16:33.857925
particle_swarm_optimization,1,80,0.85,0.005,0.3,0.1,adamw,16,0.9570815563201904,0.9396551847457886,,,0.0,True,2026-05-30T03:16:33.876253
particle_swarm_optimization,1,81,0.85,0.005,0.3,0.1,adamw,16,0.9570815563201904,0.9396551847457886,,,0.0,True,2026-05-30T03:16:33.877064
particle_swarm_optimization,1,82,0.85,0.005,0.3,0.1,adamw,8,0.9184549450874329,0.9094827771186829,10,21,46.4,False,2026-05-30T03:17:21.477512
particle_swarm_optimization,1,83,0.9,0.005,0.3,0.05,adamw,8,0.9141631126403809,0.9051724076271057,15,26,49.8,False,2026-05-30T03:18:12.501527
particle_swarm_optimization,1,84,0.85,0.005,0.2,0.1,adam,16,0.9227467775344849,0.9267241358757019,12,23,53.6,False,2026-05-30T03:19:09.817678
particle_swarm_optimization,1,85,0.85,0.001,0.2,0.1,adamw,16,0.9270386099815369,0.9094827771186829,8,19,50.6,False,2026-05-30T03:20:04.074465
particle_swarm_optimization,1,86,0.9,0.001,0.3,0.1,adamw,16,0.9442059993743896,0.9181034564971924,11,22,51.1,False,2026-05-30T03:20:58.958304
particle_swarm_optimization,1,87,0.8,0.001,0.2,0.1,adamw,16,0.9270386099815369,0.9396551847457886,23,34,69.1,False,2026-05-30T03:22:11.803013
particle_swarm_optimization,1,88,0.85,0.005,0.3,0.1,adam,16,0.9399141669273376,0.931034505367279,,,0.0,True,2026-05-30T03:22:11.815753
particle_swarm_optimization,1,89,0.85,0.005,0.3,0.02,adamw,16,0.9270386099815368,0.9137930870056152,,,0.0,True,2026-05-30T03:22:11.823185
particle_swarm_optimization,1,90,0.85,0.005,0.2,0.1,adamw,16,0.9484978318214417,0.9353448152542114,,,0.0,True,2026-05-30T03:22:11.824768
particle_swarm_optimization,1,91,0.85,0.005,0.3,0.1,adamw,16,0.9570815563201904,0.9396551847457886,,,0.0,True,2026-05-30T03:22:11.825435
particle_swarm_optimization,1,92,0.85,0.005,0.3,0.1,adamw,16,0.9570815563201904,0.9396551847457886,,,0.0,True,2026-05-30T03:22:11.826063
particle_swarm_optimization,1,93,0.9,0.005,0.3,0.05,adamw,16,0.9442059993743896,0.9353448152542114,22,33,62.9,False,2026-05-30T03:23:18.548463
particle_swarm_optimization,1,94,0.85,0.005,0.3,0.1,adamw,16,0.9570815563201904,0.9396551847457886,,,0.0,True,2026-05-30T03:23:18.561027
particle_swarm_optimization,1,95,0.9,0.0005,0.3,0.1,adamw,16,0.9356223344802856,0.931034505367279,,,0.0,True,2026-05-30T03:23:18.568597
particle_swarm_optimization,1,96,0.9,0.005,0.3,0.1,adamw,16,0.8712446093559265,0.857758641242981,,,0.0,True,2026-05-30T03:23:18.569615
particle_swarm_optimization,1,97,0.85,0.001,0.0,0.1,adamw,16,0.9399141669273376,0.9396551847457886,20,31,63.2,False,2026-05-30T03:24:25.853637
particle_swarm_optimization,1,98,0.85,0.005,0.3,0.1,adamw,16,0.9570815563201904,0.9396551847457886,,,0.0,True,2026-05-30T03:24:25.866251
particle_swarm_optimization,1,99,0.9,0.001,0.4,0.05,adamw,16,0.9270386099815368,0.948275864124298,,,0.0,True,2026-05-30T03:24:25.873704
particle_swarm_optimization,2,0,0.8,5e-05,0.5,0.001,adamw,32,0.8755365014076233,0.8965517282485962,,,0.0,True,2026-05-30T03:24:25.875845
particle_swarm_optimization,2,1,0.85,0.001,0.3,0.02,sgd,32,0.8497853875160217,0.8448275923728943,,,0.0,True,2026-05-30T03:24:25.876285
particle_swarm_optimization,2,2,0.8,0.005,0.3,0.02,adam,8,0.9270386099815368,0.943965494632721,,,0.0,True,2026-05-30T03:24:25.876756
particle_swarm_optimization,2,3,0.9,0.0005,0.6,0.01,sgd,16,0.8583691120147705,0.8362069129943848,,,0.0,True,2026-05-30T03:24:25.877252
particle_swarm_optimization,2,4,0.7,1e-05,0.5,0.01,sgd,32,0.227467805147171,0.1508620679378509,,,0.0,True,2026-05-30T03:24:25.877749
particle_swarm_optimization,2,5,0.8,5e-05,0.4,0.001,adam,32,0.8969957232475281,0.8965517282485962,25,36,67.3,False,2026-05-30T03:25:37.151987
particle_swarm_optimization,2,6,0.95,0.0005,0.4,0.01,sgd,8,0.8454935550689697,0.8491379022598267,30,40,63.0,False,2026-05-30T03:26:41.922677
particle_swarm_optimization,2,7,0.7,5e-05,0.0,0.05,adam,8,0.9270386099815369,0.9224137663841248,17,28,61.9,False,2026-05-30T03:27:45.701058
particle_swarm_optimization,2,8,0.9,1e-05,0.0,0.002,adamw,8,0.8197425007820129,0.8103448152542114,39,40,66.7,False,2026-05-30T03:28:54.349714
particle_swarm_optimization,2,9,0.9,0.001,0.0,0.002,adamw,32,0.9141631126403809,0.931034505367279,15,26,53.6,False,2026-05-30T03:29:52.314294
particle_swarm_optimization,2,10,0.7,5e-05,0.4,0.005,adamw,16,0.9141631126403809,0.9353448152542114,22,33,76.1,False,2026-05-30T03:31:12.729300
particle_swarm_optimization,2,11,0.8,0.0001,0.3,0.02,sgd,16,0.6952789425849915,0.6681034564971924,33,40,72.8,False,2026-05-30T03:32:30.138462
particle_swarm_optimization,2,12,0.7,0.001,0.2,0.05,adam,8,0.9442059993743896,0.9267241358757019,23,34,68.5,False,2026-05-30T03:33:40.833053
particle_swarm_optimization,2,13,0.85,0.001,0.4,0.02,sgd,16,0.8969957232475281,0.8793103694915771,14,25,54.5,False,2026-05-30T03:34:39.839337
particle_swarm_optimization,2,14,0.7,5e-05,0.4,0.02,sgd,16,0.5665236115455627,0.5,30,40,76.6,False,2026-05-30T03:36:01.206935
particle_swarm_optimization,2,15,0.7,5e-05,0.3,0.005,adam,16,0.9184549450874329,0.9267241358757019,18,29,67.9,False,2026-05-30T03:37:13.893096
particle_swarm_optimization,2,16,0.9,0.001,0.3,0.02,sgd,8,0.9141631126403809,0.9224137663841248,28,39,78.4,False,2026-05-30T03:40:33.968181
particle_swarm_optimization,2,17,0.8,0.0001,0.2,0.05,adam,8,0.9184549450874329,0.943965494632721,20,31,58.6,False,2026-05-30T03:41:33.403026
particle_swarm_optimization,2,18,0.8,5e-05,0.3,0.005,adam,8,0.909871220588684,0.926724135875702,,,0.0,True,2026-05-30T03:41:33.408766
particle_swarm_optimization,2,19,0.9,0.001,0.2,0.005,adam,16,0.9227467775344849,0.9482758641242981,2,13,53.4,False,2026-05-30T03:42:30.200468
particle_swarm_optimization,2,20,0.7,5e-05,0.3,0.01,adam,8,0.9313304424285889,0.9396551847457886,9,20,51.3,False,2026-05-30T03:43:22.492435
particle_swarm_optimization,2,21,0.8,0.0005,0.2,0.02,adamw,16,0.9399141669273376,0.9525862336158752,23,34,69.0,False,2026-05-30T03:44:34.873460
particle_swarm_optimization,2,22,0.7,0.0005,0.0,0.1,adam,8,0.9442059993743896,0.9525862336158752,16,27,58.3,False,2026-05-30T03:45:34.406263
particle_swarm_optimization,2,23,0.8,0.005,0.3,0.05,adamw,8,0.9313304424285889,0.9482758641242981,27,38,68.4,False,2026-05-30T03:46:44.172133
particle_swarm_optimization,2,24,0.7,0.0001,0.2,0.05,adamw,16,0.9270386099815369,0.931034505367279,17,28,69.7,False,2026-05-30T03:47:57.662690
particle_swarm_optimization,2,25,0.7,0.0001,0.2,0.01,adam,16,0.9184549450874329,0.9267241358757019,14,25,61.8,False,2026-05-30T03:49:03.258107
particle_swarm_optimization,2,26,0.85,0.005,0.2,0.05,adamw,8,0.9313304424285889,0.9224137663841248,7,18,43.6,False,2026-05-30T03:49:48.355171
particle_swarm_optimization,2,27,0.8,0.0005,0.2,0.05,adam,8,0.9356223344802856,0.9525862336158752,,,0.0,True,2026-05-30T03:49:48.368073
particle_swarm_optimization,2,28,0.8,0.0001,0.3,0.02,adam,8,0.9270386099815369,0.9568965435028076,10,21,47.4,False,2026-05-30T03:50:37.352025
particle_swarm_optimization,2,29,0.85,0.001,0.3,0.01,adam,8,0.9184549450874329,0.9482758641242981,11,22,47.1,False,2026-05-30T03:51:26.147422
particle_swarm_optimization,2,30,0.7,0.0005,0.2,0.02,adam,8,0.9313304424285888,0.9396551847457886,,,0.0,True,2026-05-30T03:51:26.167916
particle_swarm_optimization,2,31,0.8,0.001,0.2,0.05,adamw,8,0.9356223344802856,0.931034505367279,24,35,65.4,False,2026-05-30T03:52:33.276265
particle_swarm_optimization,2,32,0.7,0.001,0.2,0.1,adam,8,0.9527897238731384,0.943965494632721,,,0.0,True,2026-05-30T03:52:33.290739
particle_swarm_optimization,2,33,0.7,0.005,0.2,0.1,adam,8,0.905579388141632,0.9051724076271056,,,0.0,True,2026-05-30T03:52:33.291619
particle_swarm_optimization,2,34,0.7,0.0005,0.0,0.1,adam,8,0.9442059993743896,0.9525862336158752,,,0.0,True,2026-05-30T03:52:33.292266
particle_swarm_optimization,2,35,0.7,0.0005,0.0,0.01,adam,8,0.9484978318214417,0.9396551847457886,19,30,62.6,False,2026-05-30T03:53:37.723617
particle_swarm_optimization,2,36,0.7,0.005,0.0,0.1,adamw,8,0.8841201663017273,0.857758641242981,7,18,49.0,False,2026-05-30T03:54:28.602742
particle_swarm_optimization,2,37,0.7,0.0005,0.2,0.1,adam,8,0.9227467775344849,0.9482758641242981,5,16,45.1,False,2026-05-30T03:55:15.647035
particle_swarm_optimization,2,38,0.7,0.0005,0.2,0.05,adam,8,0.9356223344802856,0.943965494632721,20,31,64.4,False,2026-05-30T03:56:22.121097
particle_swarm_optimization,2,39,0.85,0.005,0.3,0.05,adam,8,0.9313304424285888,0.9224137663841248,,,0.0,True,2026-05-30T03:56:22.143690
particle_swarm_optimization,2,40,0.7,0.001,0.3,0.1,adam,8,0.9442059993743896,0.9353448152542114,16,27,60.0,False,2026-05-30T03:57:24.613396
particle_swarm_optimization,2,41,0.7,0.001,0.2,0.1,adam,8,0.9527897238731384,0.943965494632721,,,0.0,True,2026-05-30T03:57:24.627848
particle_swarm_optimization,2,42,0.7,0.005,0.3,0.1,adam,8,0.9356223344802856,0.926724135875702,,,0.0,True,2026-05-30T03:57:24.635189
particle_swarm_optimization,2,43,0.7,0.005,0.2,0.1,adam,8,0.905579388141632,0.9051724076271056,,,0.0,True,2026-05-30T03:57:24.636085
particle_swarm_optimization,2,44,0.7,0.005,0.0,0.1,adam,8,0.9442059993743896,0.931034505367279,,,0.0,True,2026-05-30T03:57:24.636857
particle_swarm_optimization,2,45,0.7,0.001,0.2,0.05,adam,8,0.9442059993743896,0.926724135875702,,,0.0,True,2026-05-30T03:57:24.637607
particle_swarm_optimization,2,46,0.7,0.005,0.2,0.05,adamw,8,0.9313304424285889,0.931034505367279,35,40,79.5,False,2026-05-30T03:58:46.518072
particle_swarm_optimization,2,47,0.7,0.001,0.2,0.05,adam,8,0.9442059993743896,0.926724135875702,,,0.0,True,2026-05-30T03:58:46.532207
particle_swarm_optimization,2,48,0.7,0.001,0.2,0.1,adam,8,0.9527897238731384,0.943965494632721,,,0.0,True,2026-05-30T03:58:46.539647
particle_swarm_optimization,2,49,0.7,0.005,0.3,0.1,adam,8,0.9356223344802856,0.926724135875702,,,0.0,True,2026-05-30T03:58:46.540665
particle_swarm_optimization,2,50,0.7,0.005,0.3,0.1,adamw,8,0.9141631126403809,0.9224137663841248,17,28,63.3,False,2026-05-30T03:59:52.410590
particle_swarm_optimization,2,51,0.7,0.001,0.2,0.1,adam,8,0.9527897238731384,0.943965494632721,,,0.0,True,2026-05-30T03:59:52.425583
particle_swarm_optimization,2,52,0.7,0.001,0.2,0.1,adam,8,0.9527897238731384,0.943965494632721,,,0.0,True,2026-05-30T03:59:52.433066
particle_swarm_optimization,2,53,0.8,0.001,0.3,0.1,adam,8,0.9356223344802856,0.9525862336158752,21,32,62.2,False,2026-05-30T04:00:57.094827
particle_swarm_optimization,2,54,0.7,0.001,0.2,0.1,adam,8,0.9527897238731384,0.943965494632721,,,0.0,True,2026-05-30T04:00:57.109536
particle_swarm_optimization,2,55,0.7,0.001,0.3,0.1,adam,8,0.9442059993743896,0.9353448152542114,,,0.0,True,2026-05-30T04:00:57.110338
particle_swarm_optimization,2,56,0.8,0.0005,0.3,0.02,adamw,8,0.9313304424285889,0.9353448152542114,9,20,48.4,False,2026-05-30T04:01:48.308711
particle_swarm_optimization,2,57,0.7,0.001,0.2,0.05,adam,8,0.9442059993743896,0.926724135875702,,,0.0,True,2026-05-30T04:01:48.323468
particle_swarm_optimization,2,58,0.7,0.005,0.2,0.1,adam,8,0.905579388141632,0.9051724076271056,,,0.0,True,2026-05-30T04:01:48.330857
particle_swarm_optimization,2,59,0.7,0.001,0.2,0.1,adamw,8,0.9442059993743896,0.9482758641242981,23,34,72.5,False,2026-05-30T04:03:03.537554
particle_swarm_optimization,2,60,0.7,0.001,0.2,0.1,adamw,8,0.9442059993743896,0.9482758641242981,,,0.0,True,2026-05-30T04:03:03.559462
particle_swarm_optimization,2,61,0.7,0.001,0.2,0.1,adam,8,0.9527897238731384,0.943965494632721,,,0.0,True,2026-05-30T04:03:03.560760
particle_swarm_optimization,2,62,0.7,0.001,0.2,0.1,adam,8,0.9527897238731384,0.943965494632721,,,0.0,True,2026-05-30T04:03:03.561749
particle_swarm_optimization,2,63,0.8,0.0005,0.3,0.05,adam,16,0.9270386099815369,0.9267241358757019,17,28,62.6,False,2026-05-30T04:04:11.861550
particle_swarm_optimization,2,64,0.7,0.0005,0.3,0.1,adamw,16,0.9313304424285889,0.9094827771186829,14,25,91.9,False,2026-05-30T04:08:50.243956
particle_swarm_optimization,2,65,0.7,0.0005,0.2,0.05,adamw,8,0.9270386099815369,0.9396551847457886,17,28,65.0,False,2026-05-30T04:09:56.237344
particle_swarm_optimization,2,66,0.85,0.001,0.3,0.02,adamw,8,0.9227467775344849,0.9181034564971924,6,17,41.5,False,2026-05-30T04:10:38.786534
particle_swarm_optimization,2,67,0.8,0.001,0.2,0.05,adam,8,0.9184549450874329,0.9353448152542114,12,23,49.5,False,2026-05-30T04:11:29.428880
particle_swarm_optimization,2,68,0.7,0.001,0.2,0.1,adam,8,0.9527897238731384,0.943965494632721,,,0.0,True,2026-05-30T04:11:29.439477
particle_swarm_optimization,2,69,0.7,0.001,0.2,0.1,adam,8,0.9527897238731384,0.943965494632721,,,0.0,True,2026-05-30T04:11:29.446946
particle_swarm_optimization,2,70,0.7,0.0005,0.2,0.1,adam,8,0.9227467775344848,0.948275864124298,,,0.0,True,2026-05-30T04:11:29.448228
particle_swarm_optimization,2,71,0.8,0.001,0.2,0.1,adamw,8,0.9227467775344849,0.9482758641242981,18,29,57.0,False,2026-05-30T04:12:27.675606
particle_swarm_optimization,2,72,0.7,0.001,0.3,0.1,adam,8,0.9442059993743896,0.9353448152542114,,,0.0,True,2026-05-30T04:12:27.686971
particle_swarm_optimization,2,73,0.7,0.0005,0.2,0.05,adam,8,0.9356223344802856,0.943965494632721,,,0.0,True,2026-05-30T04:12:27.694487
particle_swarm_optimization,2,74,0.7,0.001,0.3,0.1,adam,8,0.9442059993743896,0.9353448152542114,,,0.0,True,2026-05-30T04:12:27.695378
particle_swarm_optimization,2,75,0.7,0.0005,0.0,0.01,adam,8,0.9484978318214417,0.9396551847457886,,,0.0,True,2026-05-30T04:12:27.695995
particle_swarm_optimization,2,76,0.8,0.005,0.0,0.1,adamw,8,0.9184549450874329,0.9181034564971924,32,40,70.6,False,2026-05-30T04:13:39.503179
particle_swarm_optimization,2,77,0.7,0.001,0.2,0.1,adam,8,0.9527897238731384,0.943965494632721,,,0.0,True,2026-05-30T04:13:39.514821
particle_swarm_optimization,2,78,0.7,0.001,0.2,0.1,adam,8,0.9527897238731384,0.943965494632721,,,0.0,True,2026-05-30T04:13:39.522345
particle_swarm_optimization,2,79,0.7,0.001,0.2,0.1,adam,8,0.9527897238731384,0.943965494632721,,,0.0,True,2026-05-30T04:13:39.523216
particle_swarm_optimization,2,80,0.7,0.001,0.3,0.05,adam,8,0.9270386099815369,0.9267241358757019,15,26,57.0,False,2026-05-30T04:14:37.931708
particle_swarm_optimization,2,81,0.7,0.001,0.2,0.1,adamw,8,0.9442059993743896,0.948275864124298,,,0.0,True,2026-05-30T04:14:37.944743
particle_swarm_optimization,2,82,0.7,0.001,0.3,0.1,adam,8,0.9442059993743896,0.9353448152542114,,,0.0,True,2026-05-30T04:14:37.952307
particle_swarm_optimization,2,83,0.7,0.001,0.3,0.1,adam,8,0.9442059993743896,0.9353448152542114,,,0.0,True,2026-05-30T04:14:37.953446
particle_swarm_optimization,2,84,0.7,0.001,0.2,0.1,adam,8,0.9527897238731384,0.943965494632721,,,0.0,True,2026-05-30T04:14:37.954139
particle_swarm_optimization,2,85,0.7,0.0005,0.0,0.05,adam,8,0.9356223344802856,0.9353448152542114,9,20,49.9,False,2026-05-30T04:15:29.255923
particle_swarm_optimization,2,86,0.8,0.005,0.0,0.1,adamw,8,0.9184549450874329,0.9181034564971924,,,0.0,True,2026-05-30T04:15:29.268918
particle_swarm_optimization,2,87,0.7,0.001,0.2,0.1,adam,8,0.9527897238731384,0.943965494632721,,,0.0,True,2026-05-30T04:15:29.276391
particle_swarm_optimization,2,88,0.7,0.001,0.2,0.1,adam,8,0.9527897238731384,0.943965494632721,,,0.0,True,2026-05-30T04:15:29.277603
particle_swarm_optimization,2,89,0.7,0.001,0.2,0.1,adam,8,0.9527897238731384,0.943965494632721,,,0.0,True,2026-05-30T04:15:29.278246
particle_swarm_optimization,2,90,0.7,0.001,0.3,0.1,adam,8,0.9442059993743896,0.9353448152542114,,,0.0,True,2026-05-30T04:15:29.279300
particle_swarm_optimization,2,91,0.7,0.001,0.2,0.1,adam,8,0.9527897238731384,0.943965494632721,,,0.0,True,2026-05-30T04:15:29.279936
particle_swarm_optimization,2,92,0.7,0.001,0.2,0.1,adam,8,0.9527897238731384,0.943965494632721,,,0.0,True,2026-05-30T04:15:29.280575
particle_swarm_optimization,2,93,0.7,0.005,0.3,0.1,adam,8,0.9356223344802856,0.926724135875702,,,0.0,True,2026-05-30T04:15:29.281201
particle_swarm_optimization,2,94,0.7,0.001,0.0,0.1,adamw,8,0.9270386099815369,0.9267241358757019,4,15,44.3,False,2026-05-30T04:16:15.128802
particle_swarm_optimization,2,95,0.7,0.001,0.2,0.05,adam,8,0.9442059993743896,0.926724135875702,,,0.0,True,2026-05-30T04:16:15.142395
particle_swarm_optimization,2,96,0.8,0.001,0.2,0.1,adamw,8,0.9227467775344849,0.9482758641242981,,,0.0,True,2026-05-30T04:16:15.149755
particle_swarm_optimization,2,97,0.7,0.001,0.2,0.1,adam,8,0.9527897238731384,0.943965494632721,,,0.0,True,2026-05-30T04:16:15.150635
particle_swarm_optimization,2,98,0.7,0.001,0.2,0.1,adam,8,0.9527897238731384,0.943965494632721,,,0.0,True,2026-05-30T04:16:15.151397
particle_swarm_optimization,2,99,0.7,0.001,0.2,0.1,adam,8,0.9527897238731384,0.943965494632721,,,0.0,True,2026-05-30T04:16:15.152061
particle_swarm_optimization,3,0,0.7,5e-05,0.5,0.02,adam,16,0.905579388141632,0.9137930870056152,,,0.0,True,2026-05-30T04:16:15.153540
particle_swarm_optimization,3,1,0.85,0.0005,0.5,0.1,adam,16,0.9270386099815368,0.9353448152542114,,,0.0,True,2026-05-30T04:16:15.154003
particle_swarm_optimization,3,2,0.99,0.0005,0.3,0.05,adam,32,0.8798283338546753,0.9008620977401732,,,0.0,True,2026-05-30T04:16:15.154508
particle_swarm_optimization,3,3,0.8,0.001,0.5,0.002,sgd,16,0.8884119987487793,0.9008620977401732,,,0.0,True,2026-05-30T04:16:15.154996
particle_swarm_optimization,3,4,0.99,0.0001,0.3,0.002,sgd,8,0.7510729432106018,0.6982758641242981,,,0.0,True,2026-05-30T04:16:15.155685
particle_swarm_optimization,3,5,0.8,0.001,0.5,0.01,sgd,8,0.9055793881416321,0.9224137663841248,10,21,45.5,False,2026-05-30T04:17:02.219047
particle_swarm_optimization,3,6,0.95,0.001,0.0,0.005,adam,8,0.9098712205886841,0.9267241358757019,17,28,49.7,False,2026-05-30T04:17:53.477053
particle_swarm_optimization,3,7,0.99,0.001,0.2,0.01,sgd,8,0.8540772795677185,0.8793103694915771,33,40,60.8,False,2026-05-30T04:18:55.929432
particle_swarm_optimization,3,8,0.9,5e-05,0.3,0.001,adamw,16,0.9098712205886841,0.9181034564971924,26,37,67.7,False,2026-05-30T04:20:07.943571
particle_swarm_optimization,3,9,0.85,0.0001,0.6,0.005,adamw,16,0.9270386099815369,0.931034505367279,20,31,63.0,False,2026-05-30T04:21:15.088758
particle_swarm_optimization,3,10,0.8,5e-05,0.6,0.005,adam,16,0.9227467775344849,0.9224137663841248,33,40,74.4,False,2026-05-30T04:22:33.944465
particle_swarm_optimization,3,11,0.85,0.0001,0.5,0.05,adam,16,0.9356223344802856,0.9267241358757019,13,24,54.8,False,2026-05-30T04:23:33.161888
particle_swarm_optimization,3,12,0.95,0.0001,0.4,0.05,adam,16,0.8884119987487793,0.9137930870056152,29,40,66.8,False,2026-05-30T04:24:44.347170
particle_swarm_optimization,3,13,0.85,0.0005,0.5,0.005,sgd,16,0.8583691120147705,0.8836206793785095,36,40,70.7,False,2026-05-30T04:25:59.431018
particle_swarm_optimization,3,14,0.9,0.0001,0.4,0.005,adamw,16,0.9270386099815369,0.9396551847457886,16,27,57.2,False,2026-05-30T04:27:01.273460
particle_swarm_optimization,3,15,0.8,0.0005,0.6,0.05,sgd,16,0.8884119987487793,0.8663793206214905,28,39,72.3,False,2026-05-30T04:28:18.163024
particle_swarm_optimization,3,16,0.9,0.0005,0.2,0.01,adam,16,0.9270386099815369,0.931034505367279,6,17,45.7,False,2026-05-30T04:29:08.620644
particle_swarm_optimization,3,17,0.99,0.0005,0.3,0.05,adamw,8,0.8884119987487793,0.9137930870056152,21,32,53.2,False,2026-05-30T04:30:04.139362
particle_swarm_optimization,3,18,0.9,0.0001,0.5,0.001,adam,16,0.9313304424285889,0.9396551847457886,24,35,65.0,False,2026-05-30T04:31:13.842425
particle_swarm_optimization,3,19,0.85,0.0001,0.5,0.02,adamw,16,0.9227467775344848,0.926724135875702,,,0.0,True,2026-05-30T04:31:13.855583
particle_swarm_optimization,3,20,0.85,0.0001,0.6,0.02,adamw,16,0.9313304424285889,0.9353448152542114,29,40,74.2,False,2026-05-30T04:32:33.078174
particle_swarm_optimization,3,21,0.85,5e-05,0.5,0.02,adam,16,0.9012875556945801,0.9396551847457886,27,38,95.3,False,2026-05-30T04:36:53.803906
particle_swarm_optimization,3,22,0.85,5e-05,0.5,0.05,adamw,16,0.9012875556945801,0.892241358757019,18,29,61.6,False,2026-05-30T04:37:58.555171
particle_swarm_optimization,3,23,0.85,0.0005,0.5,0.02,sgd,16,0.8884119987487793,0.8103448152542114,29,40,70.1,False,2026-05-30T04:39:12.218416
particle_swarm_optimization,3,24,0.85,0.0001,0.6,0.01,adam,32,0.9055793881416321,0.9008620977401733,21,32,70.2,False,2026-05-30T04:40:25.748909
particle_swarm_optimization,3,25,0.85,0.0001,0.6,0.02,adamw,16,0.9313304424285888,0.9353448152542114,,,0.0,True,2026-05-30T04:40:25.758421
particle_swarm_optimization,3,26,0.85,0.0001,0.3,0.05,adam,16,0.9356223344802856,0.9396551847457886,21,32,63.1,False,2026-05-30T04:41:32.383432
particle_swarm_optimization,3,27,0.95,5e-05,0.4,0.1,adamw,16,0.8583691120147705,0.8448275923728943,27,38,65.0,False,2026-05-30T04:42:41.041838
particle_swarm_optimization,3,28,0.85,0.0005,0.6,0.005,adam,16,0.9184549450874329,0.931034505367279,4,15,44.5,False,2026-05-30T04:43:29.069624
particle_swarm_optimization,3,29,0.85,0.0001,0.6,0.02,adam,16,0.9141631126403809,0.9267241358757019,11,22,52.6,False,2026-05-30T04:44:25.504220
particle_swarm_optimization,3,30,0.9,0.0005,0.5,0.05,adamw,16,0.9442059993743896,0.9396551847457886,13,24,53.9,False,2026-05-30T04:45:23.217416
particle_swarm_optimization,3,31,0.85,0.0001,0.5,0.02,adamw,16,0.9227467775344848,0.926724135875702,,,0.0,True,2026-05-30T04:45:23.229220
particle_swarm_optimization,3,32,0.85,0.0001,0.6,0.05,adamw,16,0.8927038908004761,0.8965517282485962,10,21,52.6,False,2026-05-30T04:46:19.750094
particle_swarm_optimization,3,33,0.85,0.001,0.5,0.02,adamw,16,0.9356223344802856,0.943965494632721,18,29,61.3,False,2026-05-30T04:47:24.946565
particle_swarm_optimization,3,34,0.9,0.0001,0.4,0.02,adam,16,0.9270386099815369,0.931034505367279,17,28,57.1,False,2026-05-30T04:48:26.001927
particle_swarm_optimization,3,35,0.9,0.0001,0.5,0.02,adamw,16,0.9141631126403809,0.9396551847457886,22,33,63.0,False,2026-05-30T04:49:33.113945
particle_swarm_optimization,3,36,0.85,5e-05,0.4,0.1,adamw,32,0.8884119987487793,0.875,16,27,57.7,False,2026-05-30T04:50:34.918300
particle_swarm_optimization,3,37,0.95,0.0005,0.4,0.1,adamw,16,0.9227467775344849,0.9181034564971924,21,32,58.7,False,2026-05-30T04:51:37.734623
particle_swarm_optimization,3,38,0.85,0.0005,0.5,0.01,adam,16,0.9356223344802856,0.926724135875702,,,0.0,True,2026-05-30T04:51:37.747516
particle_swarm_optimization,3,39,0.9,0.0001,0.6,0.05,adamw,16,0.9184549450874329,0.9008620977401733,12,23,52.7,False,2026-05-30T04:52:34.850497
particle_swarm_optimization,3,40,0.95,0.0005,0.4,0.1,adamw,16,0.9227467775344849,0.9181034564971924,,,0.0,True,2026-05-30T04:52:34.871225
particle_swarm_optimization,3,41,0.9,0.0005,0.5,0.05,adamw,16,0.9442059993743896,0.9396551847457886,,,0.0,True,2026-05-30T04:52:34.872016
particle_swarm_optimization,3,42,0.9,0.0001,0.5,0.05,adamw,16,0.9313304424285889,0.9224137663841248,27,38,69.5,False,2026-05-30T04:53:49.065939
particle_swarm_optimization,3,43,0.85,0.001,0.5,0.02,adam,16,0.9313304424285889,0.9396551847457886,10,21,51.8,False,2026-05-30T04:54:45.217603
particle_swarm_optimization,3,44,0.9,0.0001,0.4,0.05,adamw,16,0.9313304424285889,0.9353448152542114,25,36,67.0,False,2026-05-30T04:55:56.844264
particle_swarm_optimization,3,45,0.85,0.0001,0.6,0.05,adamw,16,0.8927038908004761,0.8965517282485962,,,0.0,True,2026-05-30T04:55:56.857266
particle_swarm_optimization,3,46,0.9,0.0005,0.4,0.05,adamw,16,0.9399141669273376,0.926724135875702,,,0.0,True,2026-05-30T04:55:56.864798
particle_swarm_optimization,3,47,0.9,0.0005,0.5,0.05,adamw,32,0.9356223344802856,0.931034505367279,8,19,47.7,False,2026-05-30T04:56:49.245654
particle_swarm_optimization,3,48,0.9,0.0005,0.4,0.05,adamw,16,0.9399141669273376,0.926724135875702,,,0.0,True,2026-05-30T04:56:49.258721
particle_swarm_optimization,3,49,0.9,0.0005,0.5,0.02,adamw,16,0.9227467775344849,0.931034505367279,6,17,46.9,False,2026-05-30T04:57:41.009698
particle_swarm_optimization,3,50,0.9,0.0005,0.5,0.1,adamw,16,0.9399141669273376,0.931034505367279,6,17,46.4,False,2026-05-30T04:58:32.234195
particle_swarm_optimization,3,51,0.95,0.0005,0.4,0.1,adamw,32,0.9098712205886841,0.9181034564971924,20,31,56.0,False,2026-05-30T04:59:33.051271
particle_swarm_optimization,3,52,0.95,0.0001,0.4,0.05,adamw,32,0.8798283338546753,0.8965517282485962,37,40,65.3,False,2026-05-30T05:00:43.332521
particle_swarm_optimization,3,53,0.9,0.001,0.5,0.05,adamw,16,0.9270386099815368,0.926724135875702,,,0.0,True,2026-05-30T05:03:12.109381
particle_swarm_optimization,3,54,0.95,0.0005,0.5,0.1,adamw,16,0.9141631126403809,0.9267241358757019,12,23,73.5,False,2026-05-30T05:04:32.173488
particle_swarm_optimization,3,55,0.85,0.0005,0.6,0.05,adamw,16,0.9227467775344849,0.9396551847457886,5,16,48.2,False,2026-05-30T05:05:23.472283
particle_swarm_optimization,3,56,0.95,0.0005,0.5,0.02,adam,16,0.9270386099815369,0.9267241358757019,24,35,61.2,False,2026-05-30T05:06:28.085516
particle_swarm_optimization,3,57,0.9,0.0005,0.5,0.02,adamw,32,0.9356223344802856,0.9224137663841248,27,38,74.4,False,2026-05-30T05:07:45.822974
particle_swarm_optimization,3,58,0.95,0.0005,0.5,0.1,adamw,16,0.9141631126403809,0.9267241358757019,,,0.0,True,2026-05-30T05:07:45.831913
particle_swarm_optimization,3,59,0.85,0.0005,0.5,0.01,adamw,16,0.9313304424285889,0.9267241358757019,7,18,49.0,False,2026-05-30T05:08:38.479907
particle_swarm_optimization,3,60,0.9,0.0001,0.5,0.05,adamw,16,0.9313304424285888,0.9224137663841248,,,0.0,True,2026-05-30T05:08:38.497662
particle_swarm_optimization,3,61,0.9,0.0005,0.5,0.05,adamw,32,0.9356223344802856,0.931034505367279,,,0.0,True,2026-05-30T05:08:38.498508
particle_swarm_optimization,3,62,0.95,0.0005,0.5,0.05,adamw,16,0.9227467775344849,0.9181034564971924,10,21,47.2,False,2026-05-30T05:09:29.285110
particle_swarm_optimization,3,63,0.9,0.0005,0.5,0.02,adamw,16,0.9227467775344848,0.931034505367279,,,0.0,True,2026-05-30T05:09:29.296041
particle_swarm_optimization,3,64,0.95,0.0005,0.4,0.1,adamw,16,0.9227467775344848,0.9181034564971924,,,0.0,True,2026-05-30T05:09:29.303649
particle_swarm_optimization,3,65,0.85,0.0005,0.5,0.02,adamw,16,0.9313304424285888,0.926724135875702,,,0.0,True,2026-05-30T05:09:29.304825
particle_swarm_optimization,3,66,0.95,0.0005,0.5,0.02,adamw,16,0.9227467775344849,0.9224137663841248,10,21,47.2,False,2026-05-30T05:10:19.981668
particle_swarm_optimization,3,67,0.9,0.0005,0.5,0.05,adamw,16,0.9442059993743896,0.9396551847457886,,,0.0,True,2026-05-30T05:10:19.992509
particle_swarm_optimization,3,68,0.9,0.0005,0.5,0.05,adamw,16,0.9442059993743896,0.9396551847457886,,,0.0,True,2026-05-30T05:10:19.999971
particle_swarm_optimization,3,69,0.85,0.0005,0.5,0.02,adamw,16,0.9313304424285888,0.926724135875702,,,0.0,True,2026-05-30T05:10:20.000943
particle_swarm_optimization,3,70,0.9,0.0001,0.5,0.05,adamw,16,0.9313304424285888,0.9224137663841248,,,0.0,True,2026-05-30T05:10:20.002031
particle_swarm_optimization,3,71,0.85,0.0001,0.5,0.05,adamw,16,0.9227467775344849,0.9353448152542114,33,40,73.0,False,2026-05-30T05:11:36.670728
particle_swarm_optimization,3,72,0.9,0.0005,0.5,0.05,adamw,16,0.9442059993743896,0.9396551847457886,,,0.0,True,2026-05-30T05:11:36.682104
particle_swarm_optimization,3,73,0.85,0.0001,0.5,0.02,adamw,16,0.9227467775344848,0.926724135875702,,,0.0,True,2026-05-30T05:11:36.689548
particle_swarm_optimization,3,74,0.9,0.0005,0.4,0.05,adamw,16,0.9399141669273376,0.926724135875702,,,0.0,True,2026-05-30T05:11:36.690378
particle_swarm_optimization,3,75,0.9,0.0005,0.4,0.02,adamw,16,0.9270386099815369,0.931034505367279,10,21,50.6,False,2026-05-30T05:12:30.998814
particle_swarm_optimization,3,76,0.9,0.0001,0.5,0.05,adamw,16,0.9313304424285888,0.9224137663841248,,,0.0,True,2026-05-30T05:12:31.011355
particle_swarm_optimization,3,77,0.95,0.0001,0.5,0.05,adamw,16,0.9012875556945801,0.9094827771186829,25,36,63.0,False,2026-05-30T05:13:37.800973
particle_swarm_optimization,3,78,0.85,0.0005,0.5,0.05,adam,16,0.9356223344802856,0.9525862336158752,11,22,52.8,False,2026-05-30T05:14:34.370577
particle_swarm_optimization,3,79,0.9,0.0001,0.5,0.05,adamw,16,0.9313304424285888,0.9224137663841248,,,0.0,True,2026-05-30T05:14:34.382680
particle_swarm_optimization,3,80,0.9,0.0005,0.4,0.05,adamw,16,0.9399141669273376,0.926724135875702,,,0.0,True,2026-05-30T05:14:34.390784
particle_swarm_optimization,3,81,0.95,0.0005,0.5,0.05,adamw,16,0.9227467775344849,0.9181034564971924,,,0.0,True,2026-05-30T05:14:34.391945
particle_swarm_optimization,3,82,0.85,0.0005,0.5,0.05,adamw,16,0.9313304424285889,0.9353448152542114,7,18,49.0,False,2026-05-30T05:15:27.339925
particle_swarm_optimization,3,83,0.9,0.0005,0.5,0.02,adamw,16,0.9227467775344848,0.931034505367279,,,0.0,True,2026-05-30T05:15:27.352434
particle_swarm_optimization,3,84,0.9,0.0005,0.4,0.05,adamw,16,0.9399141669273376,0.926724135875702,,,0.0,True,2026-05-30T05:15:27.359967
particle_swarm_optimization,3,85,0.9,0.0001,0.5,0.05,adam,16,0.9442059993743896,0.9353448152542114,26,37,67.1,False,2026-05-30T05:16:38.405288
particle_swarm_optimization,3,86,0.9,0.0001,0.5,0.05,adamw,32,0.8969957232475281,0.8965517282485962,25,36,64.0,False,2026-05-30T05:17:46.384668
particle_swarm_optimization,3,87,0.9,0.0001,0.5,0.05,adamw,16,0.9313304424285888,0.9224137663841248,,,0.0,True,2026-05-30T05:17:46.397156
particle_swarm_optimization,3,88,0.9,0.0005,0.5,0.05,adam,16,0.9399141669273376,0.943965494632721,11,22,50.6,False,2026-05-30T05:18:41.150616
particle_swarm_optimization,3,89,0.9,0.0005,0.5,0.02,adamw,32,0.9356223344802856,0.9224137663841248,,,0.0,True,2026-05-30T05:18:41.163480
particle_swarm_optimization,3,90,0.9,0.0005,0.5,0.05,adamw,16,0.9442059993743896,0.9396551847457886,,,0.0,True,2026-05-30T05:18:41.171660
particle_swarm_optimization,3,91,0.95,0.001,0.4,0.05,adamw,16,0.9227467775344849,0.892241358757019,17,28,54.7,False,2026-05-30T05:19:39.957129
particle_swarm_optimization,3,92,0.85,0.0005,0.5,0.05,adamw,16,0.9313304424285889,0.9353448152542114,,,0.0,True,2026-05-30T05:19:39.969523
particle_swarm_optimization,3,93,0.9,0.0005,0.5,0.05,adamw,16,0.9442059993743896,0.9396551847457886,,,0.0,True,2026-05-30T05:19:39.977172
particle_swarm_optimization,3,94,0.95,0.0005,0.5,0.05,adamw,16,0.9227467775344849,0.9181034564971924,,,0.0,True,2026-05-30T05:19:39.978289
particle_swarm_optimization,3,95,0.9,0.0001,0.6,0.05,adamw,16,0.9184549450874328,0.9008620977401732,,,0.0,True,2026-05-30T05:19:39.978940
particle_swarm_optimization,3,96,0.9,0.0005,0.5,0.02,adamw,16,0.9227467775344848,0.931034505367279,,,0.0,True,2026-05-30T05:19:39.979557
particle_swarm_optimization,3,97,0.9,0.0005,0.5,0.05,adamw,32,0.9356223344802856,0.931034505367279,,,0.0,True,2026-05-30T05:19:39.980152
particle_swarm_optimization,3,98,0.9,0.0005,0.5,0.05,adamw,16,0.9442059993743896,0.9396551847457886,,,0.0,True,2026-05-30T05:19:39.980753
particle_swarm_optimization,3,99,0.9,0.0005,0.5,0.02,adamw,16,0.9227467775344848,0.931034505367279,,,0.0,True,2026-05-30T05:19:39.981361
particle_swarm_optimization,4,0,0.99,0.0005,0.6,0.001,adamw,16,0.8841201663017273,0.9094827771186828,,,0.0,True,2026-05-30T05:19:39.983099
particle_swarm_optimization,4,1,0.85,0.001,0.6,0.005,sgd,32,0.8583691120147705,0.8318965435028076,,,0.0,True,2026-05-30T05:19:39.983690
particle_swarm_optimization,4,2,0.85,0.0001,0.4,0.1,adamw,8,0.9313304424285888,0.948275864124298,,,0.0,True,2026-05-30T05:19:39.984147
particle_swarm_optimization,4,3,0.85,0.001,0.3,0.002,sgd,32,0.8583691120147705,0.8491379022598267,,,0.0,True,2026-05-30T05:19:39.984643
particle_swarm_optimization,4,4,0.99,0.0001,0.5,0.001,sgd,16,0.6437768340110779,0.625,,,0.0,True,2026-05-30T05:19:39.985130
particle_swarm_optimization,4,5,0.85,0.005,0.6,0.005,adam,32,0.9270386099815368,0.9094827771186828,,,0.0,True,2026-05-30T05:19:39.985640
particle_swarm_optimization,4,6,0.95,0.0005,0.2,0.01,adam,32,0.9098712205886841,0.9224137663841248,15,26,50.5,False,2026-05-30T05:20:34.615872
particle_swarm_optimization,4,7,0.85,0.0005,0.4,0.02,adam,8,0.9313304424285889,0.931034505367279,9,20,49.7,False,2026-05-30T05:21:26.165868
particle_swarm_optimization,4,8,0.9,0.0005,0.6,0.02,adam,8,0.9227467775344849,0.931034505367279,7,18,41.0,False,2026-05-30T05:22:09.483125
particle_swarm_optimization,4,9,0.8,5e-05,0.2,0.005,sgd,32,0.3819742500782013,0.3965517282485962,30,40,70.4,False,2026-05-30T05:23:24.293980
particle_swarm_optimization,4,10,0.95,0.0005,0.5,0.002,adamw,8,0.9141631126403809,0.9094827771186829,9,20,42.2,False,2026-05-30T05:24:08.536867
particle_swarm_optimization,4,11,0.85,0.0005,0.6,0.01,sgd,32,0.8154506683349609,0.7844827771186829,30,40,68.5,False,2026-05-30T05:25:21.711174
particle_swarm_optimization,4,12,0.85,0.001,0.4,0.05,adam,8,0.9313304424285888,0.931034505367279,,,0.0,True,2026-05-30T05:25:21.731051
particle_swarm_optimization,4,13,0.8,0.0005,0.4,0.005,adamw,16,0.9313304424285889,0.9396551847457886,6,17,51.3,False,2026-05-30T05:26:17.720025
particle_swarm_optimization,4,14,0.99,0.0005,0.5,0.002,sgd,16,0.7982832789421082,0.8146551847457886,24,35,59.5,False,2026-05-30T05:27:22.031085
particle_swarm_optimization,4,15,0.85,0.005,0.6,0.02,adam,16,0.9399141669273376,0.931034505367279,13,24,55.3,False,2026-05-30T05:28:22.004926
particle_swarm_optimization,4,16,0.9,0.001,0.3,0.02,adam,32,0.9313304424285889,0.943965494632721,14,25,80.0,False,2026-05-30T05:32:40.390930
particle_swarm_optimization,4,17,0.8,0.005,0.5,0.01,adam,16,0.9227467775344849,0.9224137663841248,29,40,81.2,False,2026-05-30T05:34:04.690654
particle_swarm_optimization,4,18,0.8,0.001,0.6,0.02,adam,16,0.9227467775344849,0.9396551847457886,3,14,44.5,False,2026-05-30T05:34:52.417595
particle_swarm_optimization,4,19,0.8,0.0001,0.3,0.02,sgd,16,0.6952789425849915,0.6681034564971924,,,0.0,True,2026-05-30T05:34:52.425303
particle_swarm_optimization,4,20,0.9,0.001,0.6,0.005,adam,16,0.9141631126403809,0.9353448152542114,8,19,46.8,False,2026-05-30T05:35:42.530024
particle_swarm_optimization,4,21,0.85,0.001,0.5,0.02,adamw,32,0.9313304424285889,0.9008620977401733,9,20,49.7,False,2026-05-30T05:36:35.613529
particle_swarm_optimization,4,22,0.85,0.001,0.6,0.02,adam,16,0.9356223344802856,0.943965494632721,,,0.0,True,2026-05-30T05:36:35.624520
particle_swarm_optimization,4,23,0.8,0.0005,0.5,0.02,adam,16,0.9184549450874329,0.931034505367279,14,25,56.5,False,2026-05-30T05:37:35.561860
particle_swarm_optimization,4,24,0.9,0.001,0.6,0.01,adamw,8,0.9356223344802856,0.9094827771186828,,,0.0,True,2026-05-30T05:37:35.573301
particle_swarm_optimization,4,25,0.8,0.001,0.6,0.05,adam,16,0.9399141669273376,0.9568965435028076,,,0.0,True,2026-05-30T05:37:35.580774
particle_swarm_optimization,4,26,0.85,0.005,0.4,0.02,adam,16,0.9270386099815368,0.9181034564971924,,,0.0,True,2026-05-30T05:37:35.581868
particle_swarm_optimization,4,27,0.8,0.001,0.6,0.01,adam,16,0.9313304424285889,0.9482758641242981,24,35,67.9,False,2026-05-30T05:38:46.986802
particle_swarm_optimization,4,28,0.85,0.001,0.6,0.02,adam,16,0.9356223344802856,0.943965494632721,,,0.0,True,2026-05-30T05:38:46.998309
particle_swarm_optimization,4,29,0.85,0.001,0.4,0.05,adamw,16,0.9399141669273376,0.9353448152542114,9,20,51.0,False,2026-05-30T05:39:41.510963
particle_swarm_optimization,4,30,0.9,0.001,0.6,0.005,adam,16,0.9141631126403809,0.9353448152542114,,,0.0,True,2026-05-30T05:39:41.530604
particle_swarm_optimization,4,31,0.8,0.005,0.6,0.02,adamw,16,0.9227467775344849,0.9267241358757019,20,31,65.3,False,2026-05-30T05:40:50.782850
particle_swarm_optimization,4,32,0.8,0.005,0.6,0.01,adam,32,0.9270386099815368,0.9224137663841248,,,0.0,True,2026-05-30T05:40:50.797298
particle_swarm_optimization,4,33,0.85,0.001,0.6,0.01,adam,16,0.9313304424285889,0.9353448152542114,9,20,50.3,False,2026-05-30T05:41:44.999961
particle_swarm_optimization,4,34,0.85,0.005,0.6,0.02,adam,16,0.9399141669273376,0.931034505367279,,,0.0,True,2026-05-30T05:41:45.012969
particle_swarm_optimization,4,35,0.85,0.005,0.6,0.02,adam,16,0.9399141669273376,0.931034505367279,,,0.0,True,2026-05-30T05:41:45.013675
particle_swarm_optimization,4,36,0.85,0.005,0.5,0.02,adam,32,0.9098712205886841,0.892241358757019,20,31,59.0,False,2026-05-30T05:42:48.017723
particle_swarm_optimization,4,37,0.85,0.0005,0.6,0.02,adam,16,0.9356223344802856,0.926724135875702,,,0.0,True,2026-05-30T05:42:48.030115
particle_swarm_optimization,4,38,0.85,0.005,0.6,0.02,adam,32,0.9313304424285888,0.9224137663841248,,,0.0,True,2026-05-30T05:42:48.037612
particle_swarm_optimization,4,39,0.85,0.005,0.5,0.02,adam,16,0.9055793881416321,0.9008620977401733,10,21,51.1,False,2026-05-30T05:43:43.248204
particle_swarm_optimization,4,40,0.9,0.005,0.6,0.005,adam,16,0.9227467775344849,0.931034505367279,18,29,57.9,False,2026-05-30T05:44:45.302840
particle_swarm_optimization,4,41,0.85,0.005,0.6,0.02,adamw,16,0.9399141669273376,0.9181034564971924,,,0.0,True,2026-05-30T05:44:45.315516
particle_swarm_optimization,4,42,0.85,0.005,0.6,0.02,adam,16,0.9399141669273376,0.931034505367279,,,0.0,True,2026-05-30T05:44:45.322952
particle_swarm_optimization,4,43,0.85,0.005,0.6,0.02,adam,16,0.9399141669273376,0.931034505367279,,,0.0,True,2026-05-30T05:44:45.323833
particle_swarm_optimization,4,44,0.8,0.005,0.6,0.05,adam,16,0.9313304424285889,0.9396551847457886,28,39,73.2,False,2026-05-30T05:46:02.652209
particle_swarm_optimization,4,45,0.9,0.005,0.6,0.01,adam,16,0.9227467775344848,0.8965517282485962,,,0.0,True,2026-05-30T05:46:02.665400
particle_swarm_optimization,4,46,0.9,0.005,0.6,0.02,adam,16,0.9270386099815368,0.926724135875702,,,0.0,True,2026-05-30T05:46:02.672981
particle_swarm_optimization,4,47,0.85,0.001,0.6,0.02,adam,16,0.9356223344802856,0.943965494632721,,,0.0,True,2026-05-30T05:46:02.674162
particle_swarm_optimization,4,48,0.85,0.005,0.6,0.02,adam,16,0.9399141669273376,0.931034505367279,,,0.0,True,2026-05-30T05:46:02.674867
particle_swarm_optimization,4,49,0.85,0.005,0.6,0.02,adamw,16,0.9399141669273376,0.9181034564971924,,,0.0,True,2026-05-30T05:46:02.675741
particle_swarm_optimization,4,50,0.85,0.005,0.6,0.005,adamw,16,0.9270386099815368,0.931034505367279,,,0.0,True,2026-05-30T05:46:02.677234
particle_swarm_optimization,4,51,0.85,0.005,0.6,0.02,adamw,16,0.9399141669273376,0.9181034564971924,,,0.0,True,2026-05-30T05:46:02.678107
particle_swarm_optimization,4,52,0.85,0.005,0.6,0.05,adam,16,0.9356223344802856,0.9396551847457886,,,0.0,True,2026-05-30T05:46:02.678755
particle_swarm_optimization,4,53,0.85,0.005,0.6,0.05,adamw,16,0.9484978318214417,0.926724135875702,,,0.0,True,2026-05-30T05:46:02.679386
particle_swarm_optimization,4,54,0.85,0.005,0.6,0.05,adamw,16,0.9484978318214417,0.926724135875702,,,0.0,True,2026-05-30T05:46:02.680172
particle_swarm_optimization,4,55,0.85,0.005,0.6,0.02,adamw,16,0.9399141669273376,0.9181034564971924,,,0.0,True,2026-05-30T05:46:02.680774
particle_swarm_optimization,4,56,0.9,0.005,0.5,0.05,adam,16,0.9313304424285889,0.931034505367279,12,23,51.1,False,2026-05-30T05:46:58.086886
particle_swarm_optimization,4,57,0.85,0.005,0.6,0.05,adam,16,0.9356223344802856,0.9396551847457886,,,0.0,True,2026-05-30T05:46:58.099847
particle_swarm_optimization,4,58,0.85,0.005,0.6,0.05,adamw,16,0.9484978318214417,0.926724135875702,,,0.0,True,2026-05-30T05:46:58.107331
particle_swarm_optimization,4,59,0.85,0.005,0.6,0.02,adamw,16,0.9399141669273376,0.9181034564971924,,,0.0,True,2026-05-30T05:46:58.108375
particle_swarm_optimization,4,60,0.8,0.005,0.6,0.01,adamw,16,0.9227467775344849,0.931034505367279,26,37,73.3,False,2026-05-30T05:48:16.192972
particle_swarm_optimization,4,61,0.85,0.005,0.6,0.02,adamw,16,0.9399141669273376,0.9181034564971924,,,0.0,True,2026-05-30T05:48:16.206845
particle_swarm_optimization,4,62,0.85,0.005,0.6,0.02,adamw,16,0.9399141669273376,0.9181034564971924,,,0.0,True,2026-05-30T05:48:16.214116
particle_swarm_optimization,4,63,0.85,0.005,0.6,0.05,adamw,16,0.9484978318214417,0.926724135875702,,,0.0,True,2026-05-30T05:48:16.215182
particle_swarm_optimization,4,64,0.85,0.005,0.6,0.05,adamw,8,0.9313304424285889,0.9267241358757019,18,29,61.5,False,2026-05-30T05:49:19.662295
particle_swarm_optimization,4,65,0.8,0.005,0.6,0.05,adamw,16,0.9313304424285889,0.9482758641242981,23,34,69.4,False,2026-05-30T05:50:33.578739
particle_swarm_optimization,4,66,0.85,0.005,0.5,0.02,adamw,16,0.9399141669273376,0.9396551847457886,32,40,73.0,False,2026-05-30T05:51:51.154990
particle_swarm_optimization,4,67,0.8,0.001,0.6,0.02,adamw,16,0.9313304424285888,0.9137930870056152,,,0.0,True,2026-05-30T05:51:51.168199
particle_swarm_optimization,4,68,0.85,0.005,0.6,0.05,adamw,8,0.9313304424285889,0.9267241358757019,,,0.0,True,2026-05-30T05:51:51.175629
particle_swarm_optimization,4,69,0.85,0.001,0.6,0.05,adamw,16,0.9399141669273376,0.9353448152542114,,,0.0,True,2026-05-30T05:51:51.177016
particle_swarm_optimization,4,70,0.85,0.005,0.6,0.02,adamw,16,0.9399141669273376,0.9181034564971924,,,0.0,True,2026-05-30T05:51:51.178363
particle_swarm_optimization,4,71,0.85,0.005,0.6,0.02,adamw,16,0.9399141669273376,0.9181034564971924,,,0.0,True,2026-05-30T05:51:51.179118
particle_swarm_optimization,4,72,0.8,0.005,0.6,0.02,adamw,8,0.9270386099815368,0.931034505367279,,,0.0,True,2026-05-30T05:51:51.179858
particle_swarm_optimization,4,73,0.85,0.005,0.6,0.05,sgd,16,0.9098712205886841,0.9267241358757019,11,22,51.4,False,2026-05-30T05:52:47.149792
particle_swarm_optimization,4,74,0.85,0.005,0.6,0.05,adamw,8,0.9313304424285889,0.9267241358757019,,,0.0,True,2026-05-30T05:52:47.163957
particle_swarm_optimization,4,75,0.8,0.005,0.6,0.02,adam,16,0.9399141669273376,0.9396551847457886,,,0.0,True,2026-05-30T05:52:47.171139
particle_swarm_optimization,4,76,0.8,0.005,0.5,0.02,sgd,16,0.9141631126403809,0.9482758641242981,12,23,53.0,False,2026-05-30T05:53:44.757523
particle_swarm_optimization,4,77,0.85,0.005,0.6,0.01,adamw,16,0.9527897238731384,0.9396551847457886,,,0.0,True,2026-05-30T05:53:44.770632
particle_swarm_optimization,4,78,0.8,0.005,0.6,0.05,adamw,16,0.9313304424285889,0.9482758641242981,,,0.0,True,2026-05-30T05:53:44.778055
particle_swarm_optimization,4,79,0.85,0.0005,0.4,0.02,adamw,16,0.9442059993743896,0.943965494632721,,,0.0,True,2026-05-30T05:53:44.778941
particle_swarm_optimization,4,80,0.85,0.005,0.6,0.05,adam,8,0.9442059993743896,0.943965494632721,,,0.0,True,2026-05-30T05:53:44.780056
particle_swarm_optimization,4,81,0.85,0.005,0.6,0.01,adamw,16,0.9527897238731384,0.9396551847457886,,,0.0,True,2026-05-30T05:53:44.780697
particle_swarm_optimization,4,82,0.85,0.005,0.6,0.01,adamw,16,0.9527897238731384,0.9396551847457886,,,0.0,True,2026-05-30T05:53:44.781327
particle_swarm_optimization,4,83,0.85,0.005,0.6,0.02,adamw,16,0.9399141669273376,0.9181034564971924,,,0.0,True,2026-05-30T05:53:44.781944
particle_swarm_optimization,4,84,0.85,0.005,0.6,0.01,adam,16,0.9356223344802856,0.926724135875702,,,0.0,True,2026-05-30T05:53:44.782610
particle_swarm_optimization,4,85,0.85,0.001,0.6,0.01,adam,16,0.9313304424285889,0.9353448152542114,,,0.0,True,2026-05-30T05:53:44.783251
particle_swarm_optimization,4,86,0.8,0.005,0.6,0.01,adamw,16,0.9227467775344849,0.931034505367279,,,0.0,True,2026-05-30T05:53:44.784091
particle_swarm_optimization,4,87,0.85,0.005,0.6,0.01,adam,16,0.9356223344802856,0.926724135875702,,,0.0,True,2026-05-30T05:53:44.784695
particle_swarm_optimization,4,88,0.85,0.005,0.6,0.02,adam,16,0.9399141669273376,0.931034505367279,,,0.0,True,2026-05-30T05:53:44.785303
particle_swarm_optimization,4,89,0.85,0.0005,0.5,0.01,adam,16,0.9356223344802856,0.926724135875702,,,0.0,True,2026-05-30T05:53:44.786058
particle_swarm_optimization,4,90,0.8,0.005,0.6,0.02,adamw,8,0.9270386099815368,0.931034505367279,,,0.0,True,2026-05-30T05:53:44.787091
particle_swarm_optimization,4,91,0.8,0.005,0.6,0.005,adamw,16,0.9270386099815369,0.9137930870056152,15,26,60.4,False,2026-05-30T05:54:49.748932
particle_swarm_optimization,4,92,0.85,0.005,0.6,0.01,adamw,16,0.9527897238731384,0.9396551847457886,,,0.0,True,2026-05-30T05:54:49.762542
particle_swarm_optimization,4,93,0.85,0.005,0.6,0.01,adam,16,0.9356223344802856,0.926724135875702,,,0.0,True,2026-05-30T05:54:49.770017
particle_swarm_optimization,4,94,0.85,0.005,0.6,0.02,adam,16,0.9399141669273376,0.931034505367279,,,0.0,True,2026-05-30T05:54:49.771389
particle_swarm_optimization,4,95,0.85,0.005,0.6,0.01,adam,16,0.9356223344802856,0.926724135875702,,,0.0,True,2026-05-30T05:54:49.772143
particle_swarm_optimization,4,96,0.85,0.005,0.5,0.02,adam,16,0.9055793881416321,0.9008620977401733,,,0.0,True,2026-05-30T05:54:49.773009
particle_swarm_optimization,4,97,0.85,0.005,0.6,0.01,adamw,16,0.9527897238731384,0.9396551847457886,,,0.0,True,2026-05-30T05:54:49.773726
particle_swarm_optimization,4,98,0.85,0.005,0.6,0.02,adam,16,0.9399141669273376,0.931034505367279,,,0.0,True,2026-05-30T05:54:49.774432
particle_swarm_optimization,4,99,0.85,0.001,0.6,0.005,adamw,16,0.9356223344802856,0.9353448152542114,20,31,63.6,False,2026-05-30T05:55:58.077029
