method,seed,trial_id,freezing_ratio,learning_rate,dropout_rate,l2_reg,optimizer,batch_size,val_accuracy,test_accuracy,best_epoch,total_epochs,training_time_seconds,timestamp
genetic_algorithm,0,0,0.9,0.0005,0.0,0.005,sgd,16,0.8626609444618225,0.857758641242981,32,40,97.6,2026-05-28T16:59:45.662199
genetic_algorithm,0,1,0.9,0.0001,0.4,0.005,sgd,8,0.7381974458694458,0.7543103694915771,32,40,72.0,2026-05-28T17:00:58.563088
genetic_algorithm,0,2,0.95,5e-05,0.3,0.002,adam,32,0.8583691120147705,0.8362069129943848,34,40,77.6,2026-05-28T17:02:20.181980
genetic_algorithm,0,3,0.85,0.001,0.6,0.1,sgd,8,0.9098712205886841,0.9008620977401733,26,37,81.0,2026-05-28T17:04:09.733015
genetic_algorithm,0,4,0.85,1e-05,0.6,0.001,sgd,16,0.20171673595905304,0.21120689809322357,0,11,56.6,2026-05-28T17:05:09.695927
genetic_algorithm,0,5,0.9,0.001,0.0,0.005,adamw,16,0.9356223344802856,0.8965517282485962,6,17,50.8,2026-05-28T17:06:04.583544
genetic_algorithm,0,6,0.95,0.005,0.2,0.02,adamw,16,0.9184549450874329,0.9181034564971924,14,25,59.4,2026-05-28T17:07:08.187381
genetic_algorithm,0,7,0.95,0.0001,0.0,0.1,sgd,8,0.7038626670837402,0.6982758641242981,28,39,70.1,2026-05-28T17:08:19.438543
genetic_algorithm,0,8,0.7,0.005,0.4,0.05,sgd,32,0.9313304424285889,0.9267241358757019,23,34,86.5,2026-05-28T17:09:49.820944
genetic_algorithm,0,9,0.7,0.001,0.4,0.1,adamw,8,0.9313304424285889,0.9137930870056152,11,22,58.8,2026-05-28T17:10:49.817828
genetic_algorithm,0,10,0.95,0.001,0.3,0.005,adamw,16,0.9098712205886841,0.9008620977401733,4,15,48.6,2026-05-28T17:11:43.036769
genetic_algorithm,0,11,0.99,0.001,0.6,0.005,adamw,16,0.8927038908004761,0.8836206793785095,8,19,52.0,2026-05-28T17:12:39.822114
genetic_algorithm,0,12,0.9,0.001,0.2,0.1,adamw,8,0.9313304424285889,0.8879310488700867,8,19,51.7,2026-05-28T17:13:33.561121
genetic_algorithm,0,13,0.8,0.005,0.6,0.01,sgd,8,0.9227467775344849,0.9353448152542114,8,19,50.9,2026-05-28T17:14:26.249930
genetic_algorithm,0,14,0.7,0.001,0.0,0.05,adamw,16,0.9270386099815369,0.9181034564971924,13,24,75.8,2026-05-28T17:15:46.715669
genetic_algorithm,0,15,0.7,0.005,0.4,0.05,adamw,32,0.9484978318214417,0.943965494632721,32,40,83.5,2026-05-28T17:17:15.457315
genetic_algorithm,0,16,0.9,0.005,0.4,0.05,adamw,8,0.9270386099815369,0.9137930870056152,17,28,63.8,2026-05-28T17:18:21.509956
genetic_algorithm,0,17,0.9,0.001,0.6,0.005,adamw,16,0.9227467775344849,0.9353448152542114,9,20,61.4,2026-05-28T17:19:28.665480
genetic_algorithm,0,18,0.95,5e-05,0.3,0.002,sgd,32,0.43776825070381165,0.4094827473163605,31,40,74.1,2026-05-28T17:20:48.015258
genetic_algorithm,0,19,0.9,0.001,0.6,0.01,adamw,8,0.9356223344802856,0.9094827771186829,5,16,45.2,2026-05-28T17:21:35.110484
genetic_algorithm,0,20,0.9,0.005,0.2,0.02,adamw,8,0.9442059993743896,0.931034505367279,16,27,56.2,2026-05-28T17:22:33.288458
genetic_algorithm,0,21,0.95,0.005,0.4,0.05,adam,8,0.8841201663017273,0.8405172228813171,4,15,40.8,2026-05-28T17:23:16.157097
genetic_algorithm,0,22,0.7,0.001,0.4,0.01,adamw,32,0.9184549450874329,0.8965517282485962,7,18,60.0,2026-05-28T17:24:21.590894
genetic_algorithm,0,23,0.9,0.001,0.4,0.01,adamw,8,0.9012875556945801,0.8879310488700867,2,13,39.2,2026-05-28T17:25:03.297635
genetic_algorithm,0,24,0.9,0.001,0.4,0.005,adamw,16,0.9141631126403809,0.9181034564971924,5,16,50.1,2026-05-28T17:25:58.110140
genetic_algorithm,0,25,0.9,0.0001,0.0,0.05,adamw,16,0.9227467775344849,0.9396551847457886,25,36,70.0,2026-05-28T17:27:14.003479
genetic_algorithm,0,26,0.85,0.001,0.4,0.1,adamw,8,0.9270386099815369,0.9396551847457886,17,28,61.1,2026-05-28T17:28:18.161354
genetic_algorithm,0,27,0.9,0.001,0.0,0.005,adamw,8,0.8969957232475281,0.9224137663841248,1,12,38.4,2026-05-28T17:28:58.969895
genetic_algorithm,0,28,0.7,0.005,0.4,0.05,adamw,16,0.9184549450874329,0.931034505367279,19,30,76.2,2026-05-28T17:30:21.633482
genetic_algorithm,0,29,0.7,0.001,0.6,0.01,adamw,8,0.9313304424285889,0.9396551847457886,11,22,63.3,2026-05-28T17:31:27.958877
genetic_algorithm,0,30,0.9,0.005,0.4,0.02,adamw,8,0.9055793881416321,0.8965517282485962,8,19,45.0,2026-05-28T17:32:16.115846
genetic_algorithm,0,31,0.9,0.001,0.4,0.05,adamw,32,0.9313304424285889,0.943965494632721,12,23,55.0,2026-05-28T17:33:17.415264
genetic_algorithm,0,32,0.9,0.0005,0.0,0.05,adamw,16,0.9399141669273376,0.9224137663841248,8,19,54.4,2026-05-28T17:34:18.476755
genetic_algorithm,0,33,0.85,0.005,0.4,0.1,adam,16,0.9527897238731384,0.931034505367279,22,33,71.7,2026-05-28T17:35:36.617214
genetic_algorithm,0,34,0.85,0.0001,0.4,0.02,adamw,8,0.9184549450874329,0.931034505367279,10,21,53.5,2026-05-28T17:36:33.538170
genetic_algorithm,0,35,0.85,0.0001,0.4,0.05,adamw,16,0.9184549450874329,0.931034505367279,21,32,71.6,2026-05-28T17:37:51.926682
genetic_algorithm,0,36,0.95,0.005,0.4,0.05,adamw,32,0.9184549450874329,0.9094827771186829,23,34,65.4,2026-05-28T17:39:04.683775
genetic_algorithm,0,37,0.7,0.0005,0.4,0.05,adamw,32,0.9356223344802856,0.9224137663841248,11,22,66.1,2026-05-28T17:40:17.837866
genetic_algorithm,0,38,0.85,5e-05,0.4,0.01,sgd,8,0.6523604989051819,0.6206896305084229,25,36,72.4,2026-05-28T17:41:35.305680
genetic_algorithm,0,39,0.9,0.0005,0.0,0.001,adam,16,0.9227467775344849,0.931034505367279,9,20,57.8,2026-05-28T17:42:40.296420
genetic_algorithm,0,40,0.9,0.001,0.4,0.05,adamw,16,0.9270386099815369,0.9482758641242981,10,21,62.2,2026-05-28T17:43:52.959223
genetic_algorithm,0,41,0.8,0.0001,0.4,0.02,adamw,8,0.9184549450874329,0.931034505367279,10,21,61.3,2026-05-28T17:45:01.396662
genetic_algorithm,0,42,0.9,1e-05,0.0,0.05,adamw,8,0.8111587762832642,0.7931034564971924,31,40,89.3,2026-05-28T17:46:38.111926
genetic_algorithm,0,43,0.7,0.005,0.4,0.1,adam,16,0.9356223344802856,0.9267241358757019,36,40,100.4,2026-05-28T17:48:27.628296
genetic_algorithm,0,44,0.99,0.001,0.6,0.01,adamw,16,0.8927038908004761,0.9051724076271057,11,22,60.5,2026-05-28T17:49:39.075963
genetic_algorithm,0,45,0.8,0.0005,0.4,0.05,adamw,32,0.9442059993743896,0.9267241358757019,30,40,87.8,2026-05-28T17:51:15.949353
genetic_algorithm,0,46,0.8,0.0005,0.4,0.05,sgd,32,0.8412017226219177,0.8318965435028076,25,36,93.5,2026-05-28T18:25:01.122942
genetic_algorithm,0,47,0.85,0.0005,0.4,0.02,adamw,16,0.9442059993743896,0.943965494632721,26,37,80.2,2026-05-28T18:26:24.902700
genetic_algorithm,0,48,0.99,0.005,0.4,0.1,adamw,16,0.8884119987487793,0.892241358757019,6,17,42.1,2026-05-28T18:27:10.334182
genetic_algorithm,0,49,0.9,0.0005,0.2,0.05,adamw,32,0.9270386099815369,0.9267241358757019,10,21,50.5,2026-05-28T18:28:04.223467
genetic_algorithm,0,50,0.8,0.005,0.6,0.01,adam,32,0.9184549450874329,0.892241358757019,27,38,71.8,2026-05-28T18:29:19.538412
genetic_algorithm,0,51,0.8,0.001,0.4,0.05,adamw,16,0.9399141669273376,0.9568965435028076,18,29,65.2,2026-05-28T18:30:28.715080
genetic_algorithm,0,52,0.85,0.001,0.4,0.05,adam,8,0.9313304424285889,0.931034505367279,22,33,70.4,2026-05-28T18:31:40.604459
genetic_algorithm,0,53,0.9,0.0005,0.6,0.001,adam,16,0.9313304424285889,0.943965494632721,7,18,48.6,2026-05-28T18:32:33.074309
genetic_algorithm,0,54,0.7,0.005,0.4,0.1,sgd,16,0.9227467775344849,0.9224137663841248,8,19,57.2,2026-05-28T18:33:34.532770
genetic_algorithm,0,55,0.85,0.005,0.4,0.1,adamw,16,0.9356223344802856,0.931034505367279,20,31,65.9,2026-05-28T18:34:44.481402
genetic_algorithm,0,56,0.85,0.005,0.4,0.02,adam,16,0.9270386099815369,0.9181034564971924,16,27,59.4,2026-05-28T18:35:47.978093
genetic_algorithm,0,57,0.85,0.0005,0.2,0.02,adam,8,0.9270386099815369,0.9181034564971924,3,14,38.8,2026-05-28T18:36:28.403045
genetic_algorithm,0,58,0.95,0.001,0.4,0.05,adam,8,0.9098712205886841,0.8965517282485962,7,18,40.8,2026-05-28T18:37:10.833573
genetic_algorithm,0,59,0.8,0.005,0.4,0.05,sgd,32,0.9012875556945801,0.9396551847457886,16,27,58.1,2026-05-28T18:38:13.166752
genetic_algorithm,0,60,0.8,0.001,0.4,0.01,adamw,16,0.9184549450874329,0.943965494632721,15,26,62.0,2026-05-28T18:39:19.358882
genetic_algorithm,0,61,0.9,0.001,0.6,0.01,adam,8,0.9270386099815369,0.9224137663841248,16,27,53.7,2026-05-28T18:40:14.884732
genetic_algorithm,0,62,0.85,0.0001,0.6,0.001,adam,16,0.9012875556945801,0.931034505367279,23,34,67.9,2026-05-28T18:41:27.843367
genetic_algorithm,0,63,0.85,0.001,0.4,0.1,adamw,16,0.9313304424285889,0.943965494632721,3,14,49.4,2026-05-28T18:42:21.930353
genetic_algorithm,0,64,0.85,0.005,0.4,0.1,adam,8,0.9442059993743896,0.9137930870056152,21,32,62.2,2026-05-28T18:43:26.310648
genetic_algorithm,0,65,0.85,0.005,0.4,0.02,adam,8,0.9270386099815369,0.9396551847457886,13,24,52.9,2026-05-28T18:44:21.417046
genetic_algorithm,0,66,0.7,0.005,0.4,0.1,adamw,16,0.9270386099815369,0.9568965435028076,32,40,87.7,2026-05-28T18:45:54.177029
genetic_algorithm,0,67,0.85,0.005,0.4,0.1,adamw,8,0.9399141669273376,0.9224137663841248,19,30,59.3,2026-05-28T18:46:55.909866
genetic_algorithm,0,68,0.85,0.001,0.4,0.1,adam,8,0.9012875556945801,0.9267241358757019,1,12,37.3,2026-05-28T18:47:35.533403
genetic_algorithm,0,69,0.85,0.005,0.4,0.1,adamw,32,0.9270386099815369,0.9267241358757019,27,38,69.7,2026-05-28T18:48:50.112346
genetic_algorithm,0,70,0.9,0.0005,0.6,0.01,adam,8,0.9184549450874329,0.9267241358757019,4,15,38.9,2026-05-28T18:49:31.662305
genetic_algorithm,0,71,0.95,0.0001,0.4,0.02,adam,8,0.9012875556945801,0.8793103694915771,18,29,54.1,2026-05-28T18:50:28.252506
genetic_algorithm,0,72,0.95,0.005,0.4,0.1,adam,16,0.9270386099815369,0.9094827771186829,24,35,64.1,2026-05-28T18:51:37.606755
genetic_algorithm,0,73,0.85,0.0005,0.4,0.1,adamw,16,0.9313304424285889,0.9224137663841248,3,14,49.1,2026-05-28T18:52:32.121142
genetic_algorithm,0,74,0.7,0.005,0.4,0.001,adam,16,0.9399141669273376,0.9396551847457886,25,36,79.8,2026-05-28T18:53:57.919514
genetic_algorithm,0,75,0.9,0.005,0.4,0.1,adamw,16,0.8927038908004761,0.8793103694915771,7,18,52.0,2026-05-28T18:54:55.934072
genetic_algorithm,0,76,0.8,0.005,0.4,0.1,adam,8,0.9442059993743896,0.9267241358757019,16,27,57.5,2026-05-28T18:55:56.303604
genetic_algorithm,0,77,0.85,1e-05,0.4,0.1,adamw,8,0.8283261656761169,0.8017241358757019,30,40,73.9,2026-05-28T18:57:13.329402
genetic_algorithm,0,78,0.99,0.005,0.4,0.02,adam,8,0.8969957232475281,0.9181034564971924,18,29,52.2,2026-05-28T18:58:08.789930
genetic_algorithm,0,79,0.8,0.005,0.4,0.1,adamw,16,0.9098712205886841,0.9181034564971924,12,23,62.4,2026-05-28T18:59:17.519339
genetic_algorithm,0,80,0.7,0.005,0.4,0.1,adam,8,0.9055793881416321,0.9267241358757019,21,32,70.3,2026-05-28T19:00:31.449301
genetic_algorithm,0,81,0.9,0.005,0.4,0.1,sgd,8,0.9399141669273376,0.9137930870056152,11,22,49.2,2026-05-28T19:01:24.522540
genetic_algorithm,0,82,0.8,0.005,0.6,0.1,adam,8,0.9141631126403809,0.931034505367279,18,29,67.2,2026-05-28T19:02:37.173279
genetic_algorithm,0,83,0.8,0.005,0.0,0.1,adam,8,0.9270386099815369,0.931034505367279,18,29,68.4,2026-05-28T19:03:49.574434
genetic_algorithm,0,84,0.85,0.005,0.4,0.1,sgd,16,0.9184549450874329,0.9353448152542114,14,25,68.7,2026-05-28T19:05:09.648876
genetic_algorithm,0,85,0.8,0.005,0.4,0.1,adamw,8,0.9313304424285889,0.8965517282485962,14,25,64.2,2026-05-28T19:06:18.459176
genetic_algorithm,0,86,0.8,5e-05,0.4,0.1,adam,8,0.8969957232475281,0.9181034564971924,16,27,63.4,2026-05-28T19:07:26.918264
genetic_algorithm,0,87,0.7,0.005,0.4,0.001,adam,32,0.9356223344802856,0.9224137663841248,27,38,91.4,2026-05-28T19:09:06.841987
genetic_algorithm,0,88,0.8,0.001,0.4,0.1,sgd,8,0.9098712205886841,0.9094827771186829,15,26,69.1,2026-05-28T19:10:23.448421
genetic_algorithm,0,89,0.9,0.005,0.4,0.001,adamw,16,0.9098712205886841,0.9267241358757019,17,28,77.4,2026-05-28T19:11:51.565040
genetic_algorithm,0,90,0.85,0.005,0.3,0.1,adam,32,0.9399141669273376,0.9353448152542114,26,37,79.6,2026-05-28T19:13:20.293925
genetic_algorithm,0,91,0.85,5e-05,0.4,0.1,adam,16,0.9098712205886841,0.931034505367279,25,36,89.4,2026-05-28T19:14:59.551505
genetic_algorithm,0,92,0.85,0.001,0.4,0.1,sgd,16,0.8755365014076233,0.892241358757019,22,33,85.6,2026-05-28T19:35:34.364300
genetic_algorithm,0,93,0.85,0.005,0.5,0.001,adam,16,0.9313304424285889,0.9181034564971924,27,38,70.5,2026-05-28T19:36:48.274139
genetic_algorithm,0,94,0.85,0.005,0.6,0.01,adam,16,0.9356223344802856,0.9267241358757019,18,29,61.8,2026-05-28T19:37:53.375380
genetic_algorithm,0,95,0.85,0.005,0.4,0.1,adam,32,0.9227467775344849,0.9181034564971924,31,40,78.8,2026-05-28T19:39:15.548157
genetic_algorithm,0,96,0.85,0.0005,0.4,0.1,adam,16,0.9356223344802856,0.9482758641242981,5,16,46.3,2026-05-28T19:40:05.525265
genetic_algorithm,0,97,0.95,0.0001,0.2,0.1,adam,16,0.8969957232475281,0.9008620977401733,26,37,63.7,2026-05-28T19:41:12.975689
genetic_algorithm,0,98,0.85,1e-05,0.4,0.02,adam,16,0.7510729432106018,0.7844827771186829,31,40,75.6,2026-05-28T19:42:32.553486
genetic_algorithm,0,99,0.85,0.005,0.0,0.1,adam,16,0.9484978318214417,0.9353448152542114,29,40,75.4,2026-05-28T19:43:51.939648
genetic_algorithm,1,0,0.8,0.001,0.0,0.005,adam,16,0.9356223344802856,0.9008620977401733,19,30,64.5,2026-05-28T19:45:00.569102
genetic_algorithm,1,1,0.9,0.0005,0.6,0.01,adam,8,0.9098712205886841,0.9267241358757019,5,16,44.5,2026-05-28T19:45:46.579763
genetic_algorithm,1,2,0.9,1e-05,0.4,0.01,sgd,8,0.33476394414901733,0.30603447556495667,33,40,66.9,2026-05-28T19:46:55.007631
genetic_algorithm,1,3,0.99,0.0005,0.3,0.05,adam,32,0.8798283338546753,0.9008620977401733,23,34,57.8,2026-05-28T19:47:57.031079
genetic_algorithm,1,4,0.7,0.0001,0.0,0.001,adam,32,0.9270386099815369,0.931034505367279,17,28,66.0,2026-05-28T19:49:07.028961
genetic_algorithm,1,5,0.95,1e-05,0.4,0.05,adam,16,0.6866952776908875,0.7025862336158752,32,40,67.7,2026-05-28T19:50:18.954138
genetic_algorithm,1,6,0.99,1e-05,0.5,0.002,adamw,16,0.6437768340110779,0.6206896305084229,33,40,66.5,2026-05-28T19:51:29.656678
genetic_algorithm,1,7,0.95,5e-05,0.3,0.002,sgd,8,0.6566523313522339,0.6163793206214905,31,40,65.1,2026-05-28T19:52:36.652928
genetic_algorithm,1,8,0.9,0.0001,0.0,0.01,sgd,32,0.545064389705658,0.5258620977401733,30,40,67.0,2026-05-28T19:53:48.017091
genetic_algorithm,1,9,0.7,5e-05,0.6,0.05,adamw,8,0.9184549450874329,0.931034505367279,20,31,67.8,2026-05-28T19:54:57.593725
genetic_algorithm,1,10,0.95,0.0001,0.4,0.001,adam,32,0.8969957232475281,0.8793103694915771,24,35,60.8,2026-05-28T19:56:02.955469
genetic_algorithm,1,11,0.9,0.0005,0.5,0.01,adam,8,0.9270386099815369,0.9137930870056152,4,15,39.0,2026-05-28T19:56:44.285886
genetic_algorithm,1,12,0.7,0.0005,0.3,0.05,adam,32,0.9399141669273376,0.9267241358757019,14,25,61.4,2026-05-28T19:57:50.543769
genetic_algorithm,1,13,0.7,0.0005,0.3,0.005,adam,16,0.9399141669273376,0.9267241358757019,13,24,378.2,2026-05-28T20:31:48.617025
genetic_algorithm,1,14,0.8,0.001,0.0,0.02,adam,32,0.9184549450874329,0.9482758641242981,12,23,301.7,2026-05-28T20:36:55.562641
genetic_algorithm,1,15,0.7,0.0005,0.3,0.05,adam,16,0.9356223344802856,0.9482758641242981,37,40,106.9,2026-05-28T20:56:32.669496
genetic_algorithm,1,16,0.7,0.0005,0.3,0.005,adam,32,0.9270386099815369,0.931034505367279,25,36,83.0,2026-05-28T20:57:58.845235
genetic_algorithm,1,17,0.8,0.0005,0.3,0.001,adam,16,0.9055793881416321,0.9137930870056152,3,14,45.5,2026-05-28T20:58:47.647019
genetic_algorithm,1,18,0.95,0.0005,0.3,0.005,adam,32,0.9012875556945801,0.892241358757019,8,19,45.5,2026-05-28T20:59:36.661646
genetic_algorithm,1,19,0.8,0.0005,0.3,0.005,adam,16,0.9356223344802856,0.931034505367279,6,17,52.0,2026-05-28T21:00:32.398804
genetic_algorithm,1,20,0.8,0.001,0.3,0.005,adam,16,0.9442059993743896,0.943965494632721,24,35,70.6,2026-05-28T21:01:46.684735
genetic_algorithm,1,21,0.7,0.0005,0.3,0.02,adam,16,0.9270386099815369,0.9353448152542114,18,29,67.7,2026-05-28T21:02:58.165898
genetic_algorithm,1,22,0.7,0.0001,0.3,0.005,adam,16,0.9227467775344849,0.9224137663841248,20,31,72.7,2026-05-28T21:04:14.991334
genetic_algorithm,1,23,0.7,0.001,0.3,0.005,adam,32,0.9227467775344849,0.9353448152542114,22,33,71.7,2026-05-28T21:05:30.599020
genetic_algorithm,1,24,0.8,0.0005,0.3,0.05,adamw,16,0.9313304424285889,0.9568965435028076,22,33,76.4,2026-05-28T21:06:51.129474
genetic_algorithm,1,25,0.7,0.0001,0.3,0.005,adam,32,0.9184549450874329,0.9353448152542114,17,28,66.7,2026-05-28T21:08:01.972471
genetic_algorithm,1,26,0.7,0.0005,0.3,0.05,adamw,16,0.9313304424285889,0.9353448152542114,14,25,67.5,2026-05-28T21:09:13.595813
genetic_algorithm,1,27,0.8,0.0005,0.3,0.1,adam,32,0.9399141669273376,0.9396551847457886,17,28,61.3,2026-05-28T21:10:19.678547
genetic_algorithm,1,28,0.8,0.0001,0.3,0.05,adam,16,0.9055793881416321,0.9353448152542114,14,25,64.0,2026-05-28T21:11:28.678377
genetic_algorithm,1,29,0.8,0.001,0.3,0.005,adam,32,0.9270386099815369,0.9224137663841248,12,23,59.9,2026-05-28T21:12:33.009558
genetic_algorithm,1,30,0.8,0.0005,0.3,0.005,adam,32,0.9399141669273376,0.9353448152542114,21,32,64.2,2026-05-28T21:13:41.591909
genetic_algorithm,1,31,0.7,0.001,0.3,0.001,adam,32,0.9270386099815369,0.8965517282485962,17,28,68.4,2026-05-28T21:14:54.646212
genetic_algorithm,1,32,0.7,0.001,0.3,0.005,adam,16,0.9270386099815369,0.943965494632721,11,22,63.8,2026-05-28T21:16:03.818441
genetic_algorithm,1,33,0.7,0.0005,0.5,0.05,adamw,32,0.9227467775344849,0.9181034564971924,5,16,59.7,2026-05-28T21:17:09.359335
genetic_algorithm,1,34,0.99,0.0005,0.3,0.1,adam,16,0.8798283338546753,0.9094827771186829,19,30,59.3,2026-05-28T21:18:13.634119
genetic_algorithm,1,35,0.8,0.0005,0.3,0.05,adam,32,0.9227467775344849,0.9267241358757019,11,22,57.0,2026-05-28T21:19:15.720565
genetic_algorithm,1,36,0.8,5e-05,0.3,0.005,adam,8,0.9098712205886841,0.9267241358757019,10,21,58.5,2026-05-28T21:20:16.842104
genetic_algorithm,1,37,0.8,1e-05,0.4,0.1,adam,32,0.6909871101379395,0.6982758641242981,28,39,76.7,2026-05-28T21:21:39.157252
genetic_algorithm,1,38,0.8,0.0005,0.3,0.005,sgd,32,0.8369098901748657,0.818965494632721,33,40,75.2,2026-05-28T21:22:59.950518
genetic_algorithm,1,39,0.9,0.001,0.3,0.005,adam,16,0.9227467775344849,0.9008620977401733,7,18,51.3,2026-05-28T21:23:56.749012
genetic_algorithm,1,40,0.7,0.005,0.3,0.05,adamw,16,0.8927038908004761,0.8706896305084229,6,17,60.7,2026-05-28T21:25:03.087140
genetic_algorithm,1,41,0.8,0.001,0.3,0.005,adam,8,0.9098712205886841,0.9094827771186829,10,21,51.2,2026-05-28T21:25:57.589578
genetic_algorithm,1,42,0.8,0.0005,0.3,0.05,adamw,32,0.9356223344802856,0.943965494632721,20,31,66.6,2026-05-28T21:27:09.961600
genetic_algorithm,1,43,0.8,0.001,0.4,0.005,adam,16,0.9313304424285889,0.9137930870056152,16,27,85.2,2026-05-28T21:29:03.466284
genetic_algorithm,1,44,0.8,0.001,0.6,0.005,adamw,16,0.8927038908004761,0.9008620977401733,1,12,46.1,2026-05-28T21:29:52.708233
genetic_algorithm,1,45,0.8,0.001,0.5,0.005,adam,16,0.9442059993743896,0.931034505367279,24,35,70.1,2026-05-28T21:31:06.172039
genetic_algorithm,1,46,0.8,0.001,0.3,0.02,adam,16,0.9227467775344849,0.931034505367279,12,23,56.7,2026-05-28T21:32:06.333129
genetic_algorithm,1,47,0.8,1e-05,0.3,0.005,adam,16,0.7510729432106018,0.7241379022598267,21,32,67.6,2026-05-28T21:33:17.524618
genetic_algorithm,1,48,0.8,0.0001,0.3,0.005,adam,16,0.9270386099815369,0.943965494632721,16,27,61.3,2026-05-28T21:34:22.795208
genetic_algorithm,1,49,0.8,0.001,0.3,0.005,adamw,16,0.9270386099815369,0.9137930870056152,8,19,54.3,2026-05-28T21:35:20.827842
genetic_algorithm,1,50,0.8,1e-05,0.2,0.02,adam,16,0.7725321650505066,0.8017241358757019,26,37,73.4,2026-05-28T21:36:38.303588
genetic_algorithm,1,51,0.8,0.001,0.3,0.005,sgd,16,0.9012875556945801,0.8965517282485962,19,30,63.4,2026-05-28T21:37:45.650244
genetic_algorithm,1,52,0.8,0.001,0.2,0.005,adam,16,0.9442059993743896,0.931034505367279,21,32,67.3,2026-05-28T21:38:57.020888
genetic_algorithm,1,53,0.8,0.001,0.4,0.005,adam,32,0.9527897238731384,0.9568965435028076,28,39,82.2,2026-05-28T21:40:23.419903
genetic_algorithm,1,54,0.8,0.001,0.5,0.005,adamw,16,0.9227467775344849,0.943965494632721,20,31,68.2,2026-05-28T21:41:36.047640
genetic_algorithm,1,55,0.8,0.001,0.3,0.1,adam,16,0.9227467775344849,0.9267241358757019,2,13,48.2,2026-05-28T21:42:29.100616
genetic_algorithm,1,56,0.8,0.0001,0.5,0.005,adam,16,0.9227467775344849,0.9267241358757019,20,31,67.5,2026-05-28T21:43:42.066823
genetic_algorithm,1,57,0.8,0.001,0.3,0.001,adamw,16,0.9270386099815369,0.9267241358757019,18,29,70.5,2026-05-28T21:44:57.932234
genetic_algorithm,1,58,0.8,0.001,0.3,0.02,adam,8,0.9184549450874329,0.9482758641242981,14,25,68.7,2026-05-28T21:46:32.316048
genetic_algorithm,1,59,0.8,0.001,0.2,0.005,adam,32,0.9098712205886841,0.9008620977401733,11,22,67.0,2026-05-28T21:47:42.353839
genetic_algorithm,1,60,0.8,5e-05,0.4,0.005,adam,32,0.8755365014076233,0.8965517282485962,27,38,68.8,2026-05-28T21:48:54.271087
genetic_algorithm,1,61,0.8,0.001,0.2,0.001,adam,16,0.9227467775344849,0.9353448152542114,16,27,68.3,2026-05-28T21:50:05.839718
genetic_algorithm,1,62,0.8,0.001,0.2,0.005,adamw,16,0.9184549450874329,0.9181034564971924,9,20,54.2,2026-05-28T21:51:03.456850
genetic_algorithm,1,63,0.8,0.001,0.3,0.001,adam,32,0.9184549450874329,0.9267241358757019,9,20,50.6,2026-05-28T21:51:57.498629
genetic_algorithm,1,64,0.8,1e-05,0.4,0.005,sgd,32,0.2403433471918106,0.18103447556495667,0,11,39.1,2026-05-28T21:52:40.289621
genetic_algorithm,1,65,0.85,0.001,0.4,0.002,adam,32,0.9313304424285889,0.9051724076271057,3,14,43.3,2026-05-28T21:53:27.226232
genetic_algorithm,1,66,0.95,0.001,0.4,0.1,adam,16,0.9141631126403809,0.9267241358757019,6,17,43.2,2026-05-28T21:54:14.064827
genetic_algorithm,1,67,0.85,0.001,0.4,0.001,adam,32,0.9012875556945801,0.9353448152542114,8,19,48.0,2026-05-28T21:55:05.656342
genetic_algorithm,1,68,0.8,0.0001,0.4,0.005,adam,32,0.9055793881416321,0.9181034564971924,22,33,65.3,2026-05-28T21:56:14.946507
genetic_algorithm,1,69,0.85,0.001,0.4,0.002,adamw,32,0.9227467775344849,0.9267241358757019,5,16,46.5,2026-05-28T21:57:05.792623
genetic_algorithm,1,70,0.8,0.001,0.3,0.1,adam,32,0.9270386099815369,0.9525862336158752,18,29,60.6,2026-05-28T21:58:10.336555
genetic_algorithm,1,71,0.85,0.0001,0.3,0.02,adam,8,0.9270386099815369,0.9525862336158752,18,29,57.0,2026-05-28T21:59:08.969616
genetic_algorithm,1,72,0.8,0.001,0.4,0.001,adam,16,0.9399141669273376,0.9224137663841248,15,26,60.7,2026-05-28T22:00:13.835997
genetic_algorithm,1,73,0.8,0.001,0.5,0.001,adam,32,0.9227467775344849,0.9353448152542114,23,34,68.3,2026-05-28T22:01:26.750156
genetic_algorithm,1,74,0.8,0.001,0.2,0.02,adam,16,0.9227467775344849,0.9353448152542114,9,20,56.1,2026-05-28T22:02:27.653108
genetic_algorithm,1,75,0.99,0.001,0.3,0.002,adam,32,0.8798283338546753,0.9051724076271057,16,27,51.4,2026-05-28T22:03:24.092567
genetic_algorithm,1,76,0.8,5e-05,0.4,0.005,adam,8,0.9098712205886841,0.931034505367279,10,21,48.7,2026-05-28T22:04:14.924328
genetic_algorithm,1,77,0.85,0.0001,0.3,0.001,adam,16,0.9313304424285889,0.931034505367279,17,28,60.7,2026-05-28T22:05:20.305053
genetic_algorithm,1,78,0.8,0.001,0.3,0.005,sgd,32,0.8755365014076233,0.875,28,39,68.8,2026-05-28T22:06:33.957362
genetic_algorithm,1,79,0.8,0.001,0.4,0.05,adam,32,0.9184549450874329,0.9224137663841248,6,17,73.8,2026-05-28T22:11:04.147440
genetic_algorithm,1,80,0.8,0.001,0.4,0.02,adam,32,0.9484978318214417,0.9353448152542114,19,30,61.1,2026-05-28T22:12:08.468224
genetic_algorithm,1,81,0.85,0.001,0.3,0.001,adam,16,0.9012875556945801,0.9267241358757019,2,13,52.0,2026-05-28T22:13:03.799814
genetic_algorithm,1,82,0.95,1e-05,0.3,0.001,adam,16,0.6866952776908875,0.6551724076271057,28,39,66.5,2026-05-28T22:14:13.922316
genetic_algorithm,1,83,0.85,0.001,0.4,0.005,adam,16,0.9141631126403809,0.9353448152542114,2,13,43.1,2026-05-28T22:15:00.589830
genetic_algorithm,1,84,0.85,5e-05,0.3,0.005,adam,32,0.8884119987487793,0.9008620977401733,23,34,64.6,2026-05-28T22:16:08.959328
genetic_algorithm,1,85,0.8,0.001,0.4,0.005,adam,8,0.9141631126403809,0.9353448152542114,20,31,65.2,2026-05-28T22:17:15.335918
genetic_algorithm,1,86,0.95,0.0001,0.4,0.005,adam,32,0.8841201663017273,0.875,23,34,60.1,2026-05-28T22:18:19.087840
genetic_algorithm,1,87,0.85,1e-05,0.4,0.05,adamw,8,0.7982832789421082,0.8103448152542114,34,40,71.3,2026-05-28T22:19:31.735674
genetic_algorithm,1,88,0.8,0.001,0.4,0.001,sgd,16,0.9098712205886841,0.9094827771186829,22,33,66.0,2026-05-28T22:20:41.767757
genetic_algorithm,1,89,0.8,0.001,0.4,0.005,adamw,16,0.9313304424285889,0.9396551847457886,15,26,62.1,2026-05-28T22:21:47.819366
genetic_algorithm,1,90,0.8,0.001,0.4,0.05,adamw,32,0.9184549450874329,0.9224137663841248,11,22,54.8,2026-05-28T22:22:46.845176
genetic_algorithm,1,91,0.85,0.001,0.4,0.1,adam,32,0.9399141669273376,0.9396551847457886,9,20,50.1,2026-05-28T22:23:41.165223
genetic_algorithm,1,92,0.85,0.0001,0.4,0.05,adam,32,0.9055793881416321,0.9094827771186829,11,22,52.3,2026-05-28T22:24:37.641437
genetic_algorithm,1,93,0.85,0.001,0.3,0.001,adam,32,0.9184549450874329,0.9267241358757019,14,25,55.1,2026-05-28T22:25:37.181410
genetic_algorithm,1,94,0.85,0.001,0.5,0.001,adam,16,0.9055793881416321,0.9137930870056152,5,16,47.6,2026-05-28T22:26:29.235486
genetic_algorithm,1,95,0.85,0.001,0.3,0.02,adam,16,0.9313304424285889,0.9482758641242981,22,33,66.9,2026-05-28T22:27:40.676219
genetic_algorithm,1,96,0.99,0.001,0.4,0.05,adam,16,0.8798283338546753,0.8965517282485962,7,18,42.8,2026-05-28T22:28:28.271139
genetic_algorithm,1,97,0.85,0.001,0.3,0.05,adam,32,0.9270386099815369,0.9525862336158752,16,27,57.1,2026-05-28T22:29:29.863107
genetic_algorithm,1,98,0.85,0.001,0.4,0.005,sgd,32,0.8712446093559265,0.8448275923728943,22,33,61.7,2026-05-28T22:30:36.358509
genetic_algorithm,1,99,0.9,0.001,0.4,0.005,adamw,32,0.9227467775344849,0.931034505367279,10,21,50.7,2026-05-28T22:31:31.845688
genetic_algorithm,2,0,0.7,1e-05,0.0,0.005,adam,32,0.7467811107635498,0.7456896305084229,31,40,80.8,2026-05-28T22:32:57.694201
genetic_algorithm,2,1,0.99,0.0001,0.3,0.02,adam,32,0.8283261656761169,0.818965494632721,27,38,60.7,2026-05-28T22:34:03.414535
genetic_algorithm,2,2,0.7,0.001,0.6,0.002,adamw,32,0.9055793881416321,0.931034505367279,9,20,58.8,2026-05-28T22:35:07.127011
genetic_algorithm,2,3,0.9,0.005,0.5,0.005,sgd,16,0.9313304424285889,0.931034505367279,26,37,89.7,2026-05-28T22:38:23.853143
genetic_algorithm,2,4,0.95,0.0001,0.0,0.1,adam,16,0.9055793881416321,0.8965517282485962,15,26,53.3,2026-05-28T22:39:20.636081
genetic_algorithm,2,5,0.9,0.0001,0.4,0.01,sgd,8,0.7553648352622986,0.6896551847457886,36,40,70.1,2026-05-28T22:40:31.687657
genetic_algorithm,2,6,0.95,5e-05,0.2,0.002,adam,8,0.8798283338546753,0.875,19,30,66.7,2026-05-28T22:58:01.123657
genetic_algorithm,2,7,0.85,5e-05,0.2,0.02,sgd,16,0.5064377784729004,0.568965494632721,34,40,85.5,2026-05-28T22:59:29.850421
genetic_algorithm,2,8,0.95,0.005,0.5,0.002,adamw,16,0.8712446093559265,0.8663793206214905,3,14,41.0,2026-05-28T23:00:14.242144
genetic_algorithm,2,9,0.99,0.001,0.3,0.1,sgd,16,0.8025751113891602,0.8448275923728943,26,37,60.4,2026-05-28T23:01:18.056712
genetic_algorithm,2,10,0.7,0.001,0.6,0.005,adamw,32,0.9313304424285889,0.9181034564971924,20,31,82.9,2026-05-28T23:02:44.395256
genetic_algorithm,2,11,0.99,0.001,0.3,0.05,adam,32,0.8755365014076233,0.9051724076271057,10,21,44.3,2026-05-28T23:03:32.173910
genetic_algorithm,2,12,0.8,0.005,0.5,0.002,adam,32,0.9527897238731384,0.892241358757019,20,31,62.8,2026-05-28T23:04:38.505649
genetic_algorithm,2,13,0.95,0.0001,0.0,0.1,adamw,16,0.9012875556945801,0.9008620977401733,21,32,60.0,2026-05-28T23:05:42.402167
genetic_algorithm,2,14,0.7,0.005,0.2,0.05,adamw,32,0.9313304424285889,0.9137930870056152,29,40,79.0,2026-05-28T23:07:05.334815
genetic_algorithm,2,15,0.95,0.0005,0.5,0.05,adam,8,0.9184549450874329,0.9181034564971924,9,20,42.2,2026-05-28T23:07:48.930190
genetic_algorithm,2,16,0.9,0.001,0.4,0.005,adamw,16,0.9313304424285889,0.9267241358757019,9,20,50.9,2026-05-28T23:08:43.863324
genetic_algorithm,2,17,0.9,0.005,0.4,0.05,adamw,16,0.9313304424285889,0.9224137663841248,23,34,65.5,2026-05-28T23:09:53.844352
genetic_algorithm,2,18,0.85,0.0001,0.0,0.02,adam,32,0.9141631126403809,0.9137930870056152,19,30,60.4,2026-05-28T23:10:58.543977
genetic_algorithm,2,19,0.9,5e-05,0.4,0.01,adam,16,0.9055793881416321,0.9137930870056152,28,39,71.0,2026-05-28T23:12:13.934644
genetic_algorithm,2,20,0.9,0.005,0.5,0.005,sgd,32,0.9141631126403809,0.9181034564971924,16,27,54.8,2026-05-28T23:13:12.911905
genetic_algorithm,2,21,0.7,0.005,0.2,0.005,adamw,32,0.9184549450874329,0.9224137663841248,29,40,80.1,2026-05-28T23:14:37.671022
genetic_algorithm,2,22,0.8,0.005,0.5,0.005,sgd,32,0.9012875556945801,0.9181034564971924,8,19,49.3,2026-05-28T23:15:31.328563
genetic_algorithm,2,23,0.7,0.001,0.5,0.005,sgd,32,0.8884119987487793,0.8965517282485962,36,40,74.5,2026-05-28T23:16:50.603955
genetic_algorithm,2,24,0.9,0.001,0.4,0.005,sgd,16,0.8755365014076233,0.8534482717514038,22,33,65.1,2026-05-28T23:18:00.520496
genetic_algorithm,2,25,0.7,0.001,0.2,0.005,adamw,32,0.8969957232475281,0.9008620977401733,8,19,58.8,2026-05-28T23:19:04.647784
genetic_algorithm,2,26,0.9,0.005,0.5,0.002,adam,32,0.9012875556945801,0.8965517282485962,12,23,53.1,2026-05-28T23:20:02.650329
genetic_algorithm,2,27,0.9,0.001,0.2,0.005,adamw,16,0.9227467775344849,0.9051724076271057,8,19,51.0,2026-05-28T23:20:58.620901
genetic_algorithm,2,28,0.9,1e-05,0.2,0.01,adam,32,0.6480686664581299,0.6853448152542114,30,40,68.7,2026-05-28T23:22:12.270250
genetic_algorithm,2,29,0.8,0.005,0.5,0.002,adam,16,0.9141631126403809,0.9353448152542114,21,32,90.7,2026-05-28T23:26:35.144108
genetic_algorithm,2,30,0.95,0.005,0.5,0.002,adam,32,0.9012875556945801,0.9224137663841248,30,40,74.6,2026-05-28T23:27:52.926771
genetic_algorithm,2,31,0.99,0.001,0.5,0.002,adam,32,0.8884119987487793,0.9008620977401733,10,21,44.1,2026-05-28T23:28:40.281797
genetic_algorithm,2,32,0.8,0.005,0.5,0.005,sgd,8,0.9141631126403809,0.9396551847457886,9,20,49.1,2026-05-28T23:29:30.335037
genetic_algorithm,2,33,0.8,0.005,0.5,0.02,adam,32,0.9270386099815369,0.9094827771186829,34,40,73.4,2026-05-28T23:30:47.240273
genetic_algorithm,2,34,0.8,0.005,0.5,0.01,adam,32,0.9270386099815369,0.9094827771186829,19,30,62.6,2026-05-28T23:31:53.478743
genetic_algorithm,2,35,0.8,0.005,0.0,0.002,adam,32,0.8969957232475281,0.8965517282485962,18,29,61.5,2026-05-28T23:32:58.689604
genetic_algorithm,2,36,0.8,0.005,0.5,0.005,adamw,32,0.9313304424285889,0.931034505367279,25,36,71.1,2026-05-28T23:34:13.437675
genetic_algorithm,2,37,0.8,0.005,0.3,0.002,adam,32,0.9356223344802856,0.9181034564971924,33,40,73.0,2026-05-28T23:35:30.415908
genetic_algorithm,2,38,0.95,0.0001,0.3,0.002,adam,32,0.8969957232475281,0.8663793206214905,26,37,63.5,2026-05-28T23:36:37.904419
genetic_algorithm,2,39,0.8,0.005,0.5,0.002,adamw,32,0.9098712205886841,0.9008620977401733,15,26,59.8,2026-05-28T23:37:41.606982
genetic_algorithm,2,40,0.8,0.001,0.5,0.01,adam,32,0.9098712205886841,0.931034505367279,7,18,50.1,2026-05-28T23:38:35.773777
genetic_algorithm,2,41,0.8,0.005,0.2,0.02,adamw,32,0.9442059993743896,0.9353448152542114,38,40,75.1,2026-05-28T23:39:55.494134
genetic_algorithm,2,42,0.8,0.0001,0.5,0.01,adam,32,0.9098712205886841,0.9267241358757019,18,29,62.6,2026-05-28T23:41:02.366835
genetic_algorithm,2,43,0.8,0.005,0.5,0.005,adam,32,0.9313304424285889,0.9051724076271057,23,34,67.3,2026-05-28T23:42:13.958438
genetic_algorithm,2,44,0.8,0.005,0.4,0.02,adam,16,0.9399141669273376,0.9094827771186829,16,27,62.3,2026-05-28T23:43:20.808412
genetic_algorithm,2,45,0.8,0.0001,0.5,0.05,sgd,32,0.5965664982795715,0.5646551847457886,35,40,71.9,2026-05-28T23:44:38.123811
genetic_algorithm,2,46,0.85,0.005,0.3,0.002,adam,16,0.9141631126403809,0.9051724076271057,22,33,68.4,2026-05-28T23:45:51.695904
genetic_algorithm,2,47,0.8,0.001,0.5,0.02,adamw,32,0.9313304424285889,0.9224137663841248,14,25,59.4,2026-05-28T23:46:55.626916
genetic_algorithm,2,48,0.95,0.005,0.3,0.01,adam,32,0.9184549450874329,0.9353448152542114,30,40,66.7,2026-05-28T23:48:07.006057
genetic_algorithm,2,49,0.8,0.001,0.5,0.02,sgd,16,0.9012875556945801,0.8965517282485962,18,29,62.5,2026-05-28T23:49:14.248566
genetic_algorithm,2,50,0.8,0.0001,0.3,0.02,adamw,32,0.9055793881416321,0.9224137663841248,13,24,58.9,2026-05-28T23:50:17.882137
genetic_algorithm,2,51,0.8,0.005,0.5,0.05,adamw,32,0.9313304424285889,0.9267241358757019,27,38,98.0,2026-05-28T23:54:42.037038
genetic_algorithm,2,52,0.8,0.001,0.5,0.05,adam,32,0.9399141669273376,0.9482758641242981,23,34,91.7,2026-05-28T23:56:51.386438
genetic_algorithm,2,53,0.8,1e-05,0.5,0.002,adam,32,0.6866952776908875,0.6982758641242981,38,40,72.5,2026-05-28T23:58:07.117050
genetic_algorithm,2,54,0.99,0.005,0.5,0.002,adam,8,0.8669527769088745,0.8836206793785095,8,19,42.8,2026-05-28T23:58:50.826056
genetic_algorithm,2,55,0.85,0.005,0.5,0.002,adam,32,0.9227467775344849,0.9181034564971924,19,30,60.1,2026-05-28T23:59:54.323473
genetic_algorithm,2,56,0.7,0.005,0.5,0.002,adam,32,0.9270386099815369,0.9008620977401733,29,40,80.6,2026-05-29T00:01:18.559441
genetic_algorithm,2,57,0.8,0.005,0.5,0.002,adamw,8,0.9184549450874329,0.931034505367279,19,30,60.9,2026-05-29T00:02:20.635006
genetic_algorithm,2,58,0.8,0.005,0.5,0.01,sgd,16,0.9227467775344849,0.9353448152542114,21,32,73.4,2026-05-29T00:03:37.859621
genetic_algorithm,2,59,0.95,0.005,0.5,0.05,adamw,32,0.9184549450874329,0.9094827771186829,24,35,61.9,2026-05-29T00:04:43.435048
genetic_algorithm,2,60,0.8,0.0001,0.3,0.002,adam,32,0.9098712205886841,0.9224137663841248,28,39,72.1,2026-05-29T00:05:59.610170
genetic_algorithm,2,61,0.8,0.001,0.5,0.01,sgd,32,0.8626609444618225,0.8836206793785095,26,37,68.3,2026-05-29T00:07:11.926471
genetic_algorithm,2,62,0.8,0.005,0.5,0.01,adamw,16,0.9484978318214417,0.9267241358757019,31,40,78.9,2026-05-29T00:08:34.823422
genetic_algorithm,2,63,0.8,0.005,0.6,0.01,adam,32,0.9270386099815369,0.9224137663841248,22,33,65.9,2026-05-29T00:09:44.801327
genetic_algorithm,2,64,0.7,0.0001,0.3,0.002,adam,32,0.9012875556945801,0.9008620977401733,9,20,56.4,2026-05-29T00:10:45.334965
genetic_algorithm,2,65,0.8,0.005,0.5,0.05,adam,16,0.9313304424285889,0.9482758641242981,18,29,65.1,2026-05-29T00:11:54.669005
genetic_algorithm,2,66,0.85,5e-05,0.5,0.002,adam,32,0.8927038908004761,0.9008620977401733,32,40,72.1,2026-05-29T00:13:11.147339
genetic_algorithm,2,67,0.8,0.001,0.5,0.05,sgd,32,0.8927038908004761,0.8620689511299133,26,37,68.5,2026-05-29T00:14:24.259089
genetic_algorithm,2,68,0.85,0.005,0.5,0.002,adam,16,0.9227467775344849,0.8965517282485962,16,27,60.5,2026-05-29T00:15:29.435337
genetic_algorithm,2,69,0.8,0.005,0.5,0.1,adam,32,0.9442059993743896,0.9353448152542114,28,39,73.3,2026-05-29T00:16:47.316671
genetic_algorithm,2,70,0.8,0.005,0.5,0.001,adamw,16,0.9141631126403809,0.9094827771186829,21,32,69.7,2026-05-29T00:18:02.062059
genetic_algorithm,2,71,0.9,0.005,0.5,0.1,adam,32,0.9313304424285889,0.9137930870056152,24,35,65.8,2026-05-29T00:19:12.623358
genetic_algorithm,2,72,0.9,0.005,0.5,0.005,adam,32,0.9356223344802856,0.9353448152542114,36,40,94.0,2026-05-29T00:23:57.713258
genetic_algorithm,2,73,0.7,5e-05,0.5,0.001,adam,32,0.8927038908004761,0.8965517282485962,14,25,64.0,2026-05-29T00:25:05.029956
genetic_algorithm,2,74,0.8,0.005,0.5,0.001,adam,32,0.9356223344802856,0.9353448152542114,25,36,75.4,2026-05-29T00:26:25.422301
genetic_algorithm,2,75,0.9,0.005,0.5,0.001,adam,32,0.9184549450874329,0.9051724076271057,23,34,87.6,2026-05-29T01:18:21.944993
genetic_algorithm,2,76,0.99,0.005,0.3,0.05,adam,32,0.8841201663017273,0.9181034564971924,14,25,48.2,2026-05-29T01:19:13.448817
genetic_algorithm,2,77,0.7,0.005,0.2,0.05,adam,32,0.9399141669273376,0.9396551847457886,38,40,80.0,2026-05-29T01:20:36.759333
genetic_algorithm,2,78,0.8,0.0005,0.5,0.05,adam,8,0.9356223344802856,0.931034505367279,15,26,58.5,2026-05-29T01:21:36.194290
genetic_algorithm,2,79,0.8,0.001,0.4,0.002,adam,32,0.9141631126403809,0.9224137663841248,16,27,58.7,2026-05-29T01:22:38.372860
genetic_algorithm,2,80,0.8,0.005,0.4,0.05,adam,32,0.9313304424285889,0.9224137663841248,27,38,70.1,2026-05-29T01:23:52.056225
genetic_algorithm,2,81,0.9,0.001,0.5,0.002,adamw,32,0.9184549450874329,0.9181034564971924,4,15,45.2,2026-05-29T01:24:40.960855
genetic_algorithm,2,82,0.8,0.005,0.2,0.001,adamw,32,0.9141631126403809,0.931034505367279,26,37,72.0,2026-05-29T01:25:57.063295
genetic_algorithm,2,83,0.8,0.005,0.5,0.002,adam,8,0.9098712205886841,0.8965517282485962,10,21,50.4,2026-05-29T01:26:48.868902
genetic_algorithm,2,84,0.9,0.005,0.2,0.002,adam,32,0.9098712205886841,0.9267241358757019,13,24,53.5,2026-05-29T01:27:46.613632
genetic_algorithm,2,85,0.9,0.001,0.5,0.1,adamw,32,0.9399141669273376,0.943965494632721,17,28,58.4,2026-05-29T01:28:48.993937
genetic_algorithm,2,86,0.7,0.005,0.2,0.002,sgd,32,0.9227467775344849,0.9137930870056152,18,29,63.8,2026-05-29T01:29:56.877756
genetic_algorithm,2,87,0.8,0.005,0.4,0.05,sgd,32,0.8969957232475281,0.9051724076271057,11,22,52.8,2026-05-29T01:30:53.865308
genetic_algorithm,2,88,0.9,0.005,0.2,0.05,adam,32,0.9313304424285889,0.9353448152542114,29,40,69.0,2026-05-29T01:32:07.178388
genetic_algorithm,2,89,0.8,0.0005,0.2,0.05,adam,8,0.9356223344802856,0.9525862336158752,23,34,65.2,2026-05-29T01:33:14.158468
genetic_algorithm,2,90,0.9,1e-05,0.2,0.05,adam,32,0.725321888923645,0.6767241358757019,27,38,68.4,2026-05-29T01:34:27.047351
genetic_algorithm,2,91,0.8,0.0001,0.2,0.05,adam,32,0.8927038908004761,0.9137930870056152,8,19,50.9,2026-05-29T01:35:22.597653
genetic_algorithm,2,92,0.7,0.005,0.4,0.02,adam,32,0.9012875556945801,0.8879310488700867,14,25,64.2,2026-05-29T01:36:31.396826
genetic_algorithm,2,93,0.8,0.001,0.5,0.1,adamw,32,0.9270386099815369,0.9137930870056152,11,22,56.4,2026-05-29T01:37:32.486046
genetic_algorithm,2,94,0.8,0.005,0.5,0.05,sgd,32,0.9055793881416321,0.9137930870056152,9,20,49.4,2026-05-29T01:38:27.036659
genetic_algorithm,2,95,0.7,0.0001,0.5,0.05,sgd,32,0.5622317790985107,0.5818965435028076,30,40,76.6,2026-05-29T01:39:49.358829
genetic_algorithm,2,96,0.8,0.005,0.2,0.05,adam,32,0.9484978318214417,0.9094827771186829,27,38,76.9,2026-05-29T01:41:12.242082
genetic_algorithm,2,97,0.85,0.005,0.2,0.002,adam,16,0.9227467775344849,0.931034505367279,31,40,90.5,2026-05-29T01:42:48.655164
genetic_algorithm,2,98,0.8,0.001,0.5,0.002,adam,32,0.9098712205886841,0.9094827771186829,15,26,90.6,2026-05-29T01:46:39.214560
genetic_algorithm,2,99,0.8,0.005,0.2,0.1,adam,32,0.9527897238731384,0.9353448152542114,27,38,71.5,2026-05-29T01:47:54.170339
genetic_algorithm,3,0,0.8,0.001,0.5,0.002,adamw,32,0.9098712205886841,0.943965494632721,4,15,73.3,2026-05-29T01:51:43.851564
genetic_algorithm,3,1,0.9,0.005,0.5,0.001,sgd,8,0.9270386099815369,0.9353448152542114,19,30,57.9,2026-05-29T01:52:42.606431
genetic_algorithm,3,2,0.9,0.0001,0.5,0.002,adam,32,0.9227467775344849,0.892241358757019,28,39,69.3,2026-05-29T01:53:55.075047
genetic_algorithm,3,3,0.9,0.001,0.5,0.01,adamw,32,0.9227467775344849,0.9353448152542114,6,17,47.2,2026-05-29T01:54:45.711217
genetic_algorithm,3,4,0.8,5e-05,0.6,0.002,sgd,16,0.4721029996871948,0.5431034564971924,27,38,80.6,2026-05-29T01:56:09.934100
genetic_algorithm,3,5,0.99,1e-05,0.6,0.1,adam,8,0.6523604989051819,0.6508620977401733,37,40,64.6,2026-05-29T01:57:15.718099
genetic_algorithm,3,6,0.95,1e-05,0.3,0.1,adam,16,0.721030056476593,0.732758641242981,32,40,70.8,2026-05-29T01:58:30.230865
genetic_algorithm,3,7,0.9,0.001,0.6,0.01,sgd,16,0.8669527769088745,0.8836206793785095,26,37,65.3,2026-05-29T01:59:39.273269
genetic_algorithm,3,8,0.9,0.005,0.5,0.01,adam,16,0.9313304424285889,0.931034505367279,21,32,62.9,2026-05-29T02:00:45.967546
genetic_algorithm,3,9,0.7,1e-05,0.2,0.01,adam,16,0.7982832789421082,0.7974137663841248,32,40,85.4,2026-05-29T02:02:15.824482
genetic_algorithm,3,10,0.9,0.005,0.5,0.01,sgd,16,0.9270386099815369,0.9224137663841248,12,23,51.3,2026-05-29T02:03:11.158921
genetic_algorithm,3,11,0.85,0.001,0.5,0.002,adam,32,0.9227467775344849,0.9224137663841248,4,15,45.8,2026-05-29T02:04:01.350137
genetic_algorithm,3,12,0.9,0.005,0.5,0.01,adam,32,0.9442059993743896,0.9051724076271057,25,36,64.5,2026-05-29T02:05:09.844052
genetic_algorithm,3,13,0.9,0.0001,0.5,0.001,sgd,32,0.5064377784729004,0.5431034564971924,32,40,67.6,2026-05-29T02:06:21.705315
genetic_algorithm,3,14,0.9,0.005,0.6,0.001,sgd,16,0.9098712205886841,0.9224137663841248,16,27,55.3,2026-05-29T02:07:21.288072
genetic_algorithm,3,15,0.95,0.005,0.3,0.1,adam,16,0.9141631126403809,0.892241358757019,22,33,60.7,2026-05-29T02:08:26.401860
genetic_algorithm,3,16,0.9,0.0005,0.5,0.005,sgd,32,0.7553648352622986,0.7629310488700867,26,37,64.1,2026-05-29T02:09:34.544131
genetic_algorithm,3,17,0.9,0.005,0.2,0.02,sgd,8,0.9399141669273376,0.9353448152542114,22,33,60.1,2026-05-29T02:10:36.662997
genetic_algorithm,3,18,0.9,0.0001,0.5,0.005,adam,8,0.9313304424285889,0.9353448152542114,16,27,55.5,2026-05-29T02:11:34.428769
genetic_algorithm,3,19,0.9,0.001,0.5,0.001,adam,16,0.9098712205886841,0.9051724076271057,4,15,45.2,2026-05-29T02:12:24.264197
genetic_algorithm,3,20,0.9,0.005,0.5,0.005,adamw,32,0.9227467775344849,0.9267241358757019,21,32,63.3,2026-05-29T02:13:32.202739
genetic_algorithm,3,21,0.95,0.005,0.5,0.01,adam,16,0.9012875556945801,0.8879310488700867,11,22,49.1,2026-05-29T02:14:26.165673
genetic_algorithm,3,22,0.85,0.005,0.0,0.01,adam,32,0.9356223344802856,0.9181034564971924,18,29,62.1,2026-05-29T02:15:34.382938
genetic_algorithm,3,23,0.9,0.005,0.5,0.01,sgd,32,0.9184549450874329,0.9181034564971924,17,28,86.3,2026-05-29T02:19:56.435516
genetic_algorithm,3,24,0.9,0.005,0.5,0.005,adam,16,0.9356223344802856,0.9051724076271057,19,30,69.5,2026-05-29T02:21:09.186975
genetic_algorithm,3,25,0.9,0.005,0.5,0.01,adam,8,0.9012875556945801,0.8879310488700867,10,21,51.6,2026-05-29T02:22:01.733743
genetic_algorithm,3,26,0.9,0.005,0.6,0.02,sgd,32,0.9184549450874329,0.9181034564971924,21,32,62.6,2026-05-29T02:23:08.648474
genetic_algorithm,3,27,0.9,0.001,0.2,0.02,sgd,16,0.8927038908004761,0.8706896305084229,31,40,77.2,2026-05-29T02:24:30.184425
genetic_algorithm,3,28,0.9,0.005,0.5,0.005,adam,8,0.8969957232475281,0.8965517282485962,6,17,42.5,2026-05-29T02:25:13.946643
genetic_algorithm,3,29,0.9,0.001,0.5,0.01,adam,16,0.9227467775344849,0.9396551847457886,23,34,67.8,2026-05-29T02:26:25.602663
genetic_algorithm,3,30,0.9,0.005,0.2,0.02,adam,32,0.9270386099815369,0.9181034564971924,29,40,71.6,2026-05-29T02:27:41.017327
genetic_algorithm,3,31,0.9,0.005,0.6,0.02,adam,32,0.9227467775344849,0.9181034564971924,12,23,52.5,2026-05-29T02:28:37.270748
genetic_algorithm,3,32,0.9,5e-05,0.2,0.01,adam,32,0.8755365014076233,0.8879310488700867,25,36,63.5,2026-05-29T02:29:44.505902
genetic_algorithm,3,33,0.7,0.0005,0.5,0.01,sgd,32,0.8240343332290649,0.8534482717514038,36,40,75.6,2026-05-29T02:31:03.912168
genetic_algorithm,3,34,0.9,5e-05,0.4,0.02,adam,16,0.9098712205886841,0.9008620977401733,30,40,71.0,2026-05-29T02:32:18.798434
genetic_algorithm,3,35,0.9,1e-05,0.2,0.01,adam,32,0.6652360558509827,0.6767241358757019,38,40,68.5,2026-05-29T02:33:31.338375
genetic_algorithm,3,36,0.9,0.001,0.3,0.01,adam,16,0.9270386099815369,0.9224137663841248,13,24,53.0,2026-05-29T02:34:28.390903
genetic_algorithm,3,37,0.9,0.005,0.6,0.02,adam,16,0.9270386099815369,0.9267241358757019,25,36,67.5,2026-05-29T02:35:40.176394
genetic_algorithm,3,38,0.9,0.001,0.5,0.005,adam,16,0.9227467775344849,0.9396551847457886,5,16,46.1,2026-05-29T02:36:30.532138
genetic_algorithm,3,39,0.9,0.005,0.6,0.01,adam,32,0.9399141669273376,0.8965517282485962,22,33,61.8,2026-05-29T02:37:36.624621
genetic_algorithm,3,40,0.9,0.0001,0.5,0.01,adam,32,0.9356223344802856,0.9181034564971924,22,33,62.2,2026-05-29T02:38:43.505554
genetic_algorithm,3,41,0.9,0.0001,0.6,0.01,adam,32,0.9141631126403809,0.892241358757019,30,40,70.4,2026-05-29T02:39:58.687878
genetic_algorithm,3,42,0.9,0.0001,0.6,0.01,sgd,16,0.7081544995307922,0.6594827771186829,37,40,75.0,2026-05-29T02:41:18.717402
genetic_algorithm,3,43,0.9,5e-05,0.6,0.02,adam,32,0.8798283338546753,0.8793103694915771,30,40,70.5,2026-05-29T02:42:34.443506
genetic_algorithm,3,44,0.9,0.005,0.5,0.01,adamw,32,0.9227467775344849,0.8491379022598267,20,31,66.4,2026-05-29T02:43:45.963299
genetic_algorithm,3,45,0.9,0.001,0.6,0.01,sgd,32,0.8369098901748657,0.8318965435028076,29,40,93.8,2026-05-29T02:47:29.457846
genetic_algorithm,3,46,0.9,0.005,0.5,0.02,adam,32,0.9227467775344849,0.9137930870056152,26,37,65.6,2026-05-29T02:48:38.286004
genetic_algorithm,3,47,0.9,0.005,0.6,0.01,adam,16,0.9227467775344849,0.8965517282485962,14,25,80.9,2026-05-29T02:56:24.850913
genetic_algorithm,3,48,0.9,0.001,0.6,0.01,adam,16,0.9184549450874329,0.931034505367279,5,16,45.1,2026-05-29T02:57:13.482886
genetic_algorithm,3,49,0.9,5e-05,0.6,0.01,adam,32,0.8669527769088745,0.8836206793785095,34,40,80.0,2026-05-29T02:58:36.740625
genetic_algorithm,3,50,0.9,5e-05,0.4,0.01,adam,16,0.9098712205886841,0.9181034564971924,33,40,73.0,2026-05-29T02:59:53.204032
genetic_algorithm,3,51,0.9,1e-05,0.6,0.005,adam,32,0.6008583903312683,0.5818965435028076,30,40,68.4,2026-05-29T03:01:05.036932
genetic_algorithm,3,52,0.9,0.0001,0.6,0.01,adam,16,0.9227467775344849,0.9396551847457886,23,34,65.2,2026-05-29T03:02:13.812924
genetic_algorithm,3,53,0.9,0.001,0.6,0.02,adam,32,0.9356223344802856,0.9267241358757019,15,26,77.7,2026-05-29T03:06:08.655405
genetic_algorithm,3,54,0.9,0.001,0.5,0.001,adam,32,0.9227467775344849,0.931034505367279,17,28,55.1,2026-05-29T03:07:07.008260
genetic_algorithm,3,55,0.9,0.005,0.0,0.01,adam,32,0.9098712205886841,0.8879310488700867,15,26,77.6,2026-05-29T03:09:28.977332
genetic_algorithm,3,56,0.9,5e-05,0.5,0.01,adamw,32,0.8497853875160217,0.8534482717514038,32,40,68.6,2026-05-29T03:10:40.673438
genetic_algorithm,3,57,0.9,0.005,0.5,0.005,adam,32,0.9313304424285889,0.9224137663841248,20,31,57.3,2026-05-29T03:11:41.262857
genetic_algorithm,3,58,0.9,0.0005,0.5,0.01,adam,32,0.9313304424285889,0.9353448152542114,34,40,67.0,2026-05-29T03:12:51.691420
genetic_algorithm,3,59,0.9,0.005,0.3,0.002,adam,16,0.8798283338546753,0.8491379022598267,3,14,50.4,2026-05-29T03:13:45.525463
genetic_algorithm,3,60,0.9,0.001,0.5,0.01,adam,32,0.9141631126403809,0.9224137663841248,8,19,45.7,2026-05-29T03:14:34.746162
genetic_algorithm,3,61,0.9,0.005,0.2,0.01,adam,32,0.8669527769088745,0.857758641242981,8,19,45.9,2026-05-29T03:15:24.265313
genetic_algorithm,3,62,0.9,5e-05,0.5,0.01,adam,16,0.9055793881416321,0.8836206793785095,20,31,60.9,2026-05-29T03:16:28.790758
genetic_algorithm,3,63,0.9,0.005,0.5,0.02,adam,16,0.9270386099815369,0.9224137663841248,26,37,66.7,2026-05-29T03:17:39.470834
genetic_algorithm,3,64,0.7,5e-05,0.5,0.02,adam,32,0.9098712205886841,0.9137930870056152,26,37,76.6,2026-05-29T03:19:00.067629
genetic_algorithm,3,65,0.7,0.005,0.5,0.01,adam,32,0.9313304424285889,0.8965517282485962,24,35,72.3,2026-05-29T03:20:16.518228
genetic_algorithm,3,66,0.9,1e-05,0.5,0.01,adam,32,0.721030056476593,0.7241379022598267,34,40,67.8,2026-05-29T03:21:28.430723
genetic_algorithm,3,67,0.9,5e-05,0.5,0.005,adam,16,0.9055793881416321,0.9181034564971924,24,35,65.3,2026-05-29T03:22:38.066595
genetic_algorithm,3,68,0.9,0.005,0.5,0.01,adamw,16,0.9141631126403809,0.8879310488700867,12,23,53.7,2026-05-29T03:23:36.075593
genetic_algorithm,3,69,0.9,0.0005,0.5,0.001,sgd,8,0.8755365014076233,0.8620689511299133,23,34,64.2,2026-05-29T03:24:42.164660
genetic_algorithm,3,70,0.85,0.005,0.5,0.005,adamw,32,0.9270386099815369,0.9353448152542114,33,40,71.6,2026-05-29T03:25:58.219781
genetic_algorithm,3,71,0.7,0.0005,0.5,0.01,adam,32,0.9227467775344849,0.9267241358757019,7,18,52.8,2026-05-29T03:26:55.501098
genetic_algorithm,3,72,0.9,0.005,0.4,0.005,adam,32,0.9012875556945801,0.9267241358757019,13,24,51.6,2026-05-29T03:27:51.644766
genetic_algorithm,3,73,0.7,0.005,0.5,0.02,adam,32,0.9227467775344849,0.9267241358757019,38,40,76.8,2026-05-29T03:29:13.172731
genetic_algorithm,3,74,0.7,1e-05,0.5,0.01,adam,32,0.6609442234039307,0.6982758641242981,33,40,77.9,2026-05-29T03:30:36.015519
genetic_algorithm,3,75,0.95,0.001,0.5,0.01,adam,16,0.9227467775344849,0.9267241358757019,12,23,50.2,2026-05-29T03:31:31.252870
genetic_algorithm,3,76,0.85,0.0005,0.5,0.01,adam,16,0.9356223344802856,0.9267241358757019,8,19,51.3,2026-05-29T03:32:27.347021
genetic_algorithm,3,77,0.95,0.005,0.5,0.001,adamw,32,0.9012875556945801,0.9181034564971924,35,40,65.2,2026-05-29T03:33:37.262101
genetic_algorithm,3,78,0.7,0.005,0.5,0.005,sgd,32,0.9141631126403809,0.9094827771186829,18,29,87.4,2026-05-29T03:37:24.516831
genetic_algorithm,3,79,0.7,0.005,0.5,0.005,adamw,32,0.9227467775344849,0.943965494632721,31,40,78.0,2026-05-29T03:38:45.593847
genetic_algorithm,3,80,0.9,5e-05,0.5,0.005,adam,32,0.8712446093559265,0.8793103694915771,28,39,66.5,2026-05-29T03:39:55.451935
genetic_algorithm,3,81,0.9,5e-05,0.6,0.01,adam,16,0.8969957232475281,0.892241358757019,19,30,68.1,2026-05-29T03:41:06.917433
genetic_algorithm,3,82,0.7,0.001,0.5,0.01,adam,16,0.9270386099815369,0.9396551847457886,15,26,65.3,2026-05-29T03:42:15.594894
genetic_algorithm,3,83,0.7,5e-05,0.5,0.01,adam,32,0.9055793881416321,0.9181034564971924,25,36,71.3,2026-05-29T03:43:30.507491
genetic_algorithm,3,84,0.7,5e-05,0.4,0.01,adam,32,0.9098712205886841,0.9181034564971924,33,40,76.0,2026-05-29T03:44:50.276444
genetic_algorithm,3,85,0.85,1e-05,0.5,0.005,adam,32,0.721030056476593,0.6724137663841248,39,40,70.1,2026-05-29T03:46:04.303778
genetic_algorithm,3,86,0.9,0.005,0.3,0.01,adam,32,0.8927038908004761,0.892241358757019,8,19,46.4,2026-05-29T03:46:54.606823
genetic_algorithm,3,87,0.7,5e-05,0.6,0.01,adamw,32,0.8798283338546753,0.892241358757019,25,36,74.8,2026-05-29T03:48:13.319438
genetic_algorithm,3,88,0.7,0.001,0.5,0.005,adamw,32,0.9055793881416321,0.9224137663841248,24,35,73.2,2026-05-29T03:49:30.474757
genetic_algorithm,3,89,0.7,5e-05,0.5,0.01,adam,16,0.9098712205886841,0.9008620977401733,10,21,58.8,2026-05-29T03:50:34.594454
genetic_algorithm,3,90,0.7,0.0001,0.5,0.01,sgd,16,0.6952789425849915,0.7284482717514038,37,40,77.8,2026-05-29T03:51:56.864152
genetic_algorithm,3,91,0.7,0.005,0.5,0.01,sgd,32,0.9141631126403809,0.9137930870056152,10,21,53.1,2026-05-29T03:52:54.368652
genetic_algorithm,3,92,0.7,5e-05,0.5,0.005,sgd,16,0.540772557258606,0.5086206793785095,39,40,77.7,2026-05-29T03:54:16.870056
genetic_algorithm,3,93,0.9,5e-05,0.5,0.01,adam,32,0.8841201663017273,0.8706896305084229,24,35,63.7,2026-05-29T03:55:25.088263
genetic_algorithm,3,94,0.7,0.001,0.0,0.01,adam,16,0.9484978318214417,0.9396551847457886,23,34,74.2,2026-05-29T03:56:44.167106
genetic_algorithm,3,95,0.7,5e-05,0.5,0.005,adamw,32,0.8927038908004761,0.8836206793785095,17,28,66.7,2026-05-29T03:57:55.914265
genetic_algorithm,3,96,0.7,0.001,0.5,0.002,adam,16,0.9442059993743896,0.9525862336158752,22,33,72.6,2026-05-29T03:59:13.398682
genetic_algorithm,3,97,0.7,0.005,0.2,0.01,adam,16,0.9313304424285889,0.931034505367279,25,36,76.4,2026-05-29T04:00:34.966767
genetic_algorithm,3,98,0.7,5e-05,0.5,0.005,adam,16,0.9141631126403809,0.9137930870056152,12,23,62.5,2026-05-29T04:01:42.789842
genetic_algorithm,3,99,0.7,0.005,0.0,0.01,sgd,16,0.9098712205886841,0.9181034564971924,4,15,72.2,2026-05-29T04:05:09.739103
genetic_algorithm,4,0,0.8,0.0001,0.0,0.05,adamw,16,0.9098712205886841,0.9396551847457886,8,19,52.0,2026-05-29T04:06:04.957383
genetic_algorithm,4,1,0.8,1e-05,0.0,0.001,adamw,32,0.733905553817749,0.767241358757019,30,40,81.4,2026-05-29T04:07:29.622740
genetic_algorithm,4,2,0.85,1e-05,0.2,0.02,sgd,16,0.22746780514717102,0.25,33,40,70.2,2026-05-29T04:08:43.370904
genetic_algorithm,4,3,0.85,5e-05,0.0,0.005,adam,8,0.9184549450874329,0.931034505367279,14,25,55.2,2026-05-29T04:09:39.654448
genetic_algorithm,4,4,0.99,0.0001,0.3,0.002,adam,16,0.8540772795677185,0.8620689511299133,26,37,61.1,2026-05-29T04:10:44.396017
genetic_algorithm,4,5,0.85,0.005,0.6,0.1,adamw,8,0.9356223344802856,0.9396551847457886,30,40,68.9,2026-05-29T04:11:54.463776
genetic_algorithm,4,6,0.95,0.0001,0.6,0.01,sgd,8,0.729613721370697,0.7543103694915771,39,40,62.6,2026-05-29T04:12:58.362582
genetic_algorithm,4,7,0.8,5e-05,0.4,0.005,adam,32,0.8927038908004761,0.8879310488700867,25,36,67.4,2026-05-29T04:14:09.742198
genetic_algorithm,4,8,0.85,1e-05,0.3,0.02,sgd,16,0.29184550046920776,0.26293104887008667,24,35,65.1,2026-05-29T04:15:18.713313
genetic_algorithm,4,9,0.95,5e-05,0.4,0.01,sgd,16,0.5665236115455627,0.5431034564971924,36,40,66.4,2026-05-29T04:16:29.096075
genetic_algorithm,4,10,0.7,5e-05,0.4,0.005,adam,32,0.9141631126403809,0.9051724076271057,30,40,78.5,2026-05-29T04:17:51.411747
genetic_algorithm,4,11,0.8,5e-05,0.0,0.005,adam,8,0.9141631126403809,0.943965494632721,23,34,64.6,2026-05-29T04:18:58.121080
genetic_algorithm,4,12,0.85,0.005,0.4,0.1,adamw,8,0.9313304424285889,0.9181034564971924,23,34,68.7,2026-05-29T04:20:08.528552
genetic_algorithm,4,13,0.85,1e-05,0.6,0.1,adamw,8,0.7510729432106018,0.7629310488700867,33,40,73.4,2026-05-29T04:21:23.826104
genetic_algorithm,4,14,0.8,0.0001,0.0,0.005,adam,32,0.9141631126403809,0.9396551847457886,17,28,64.7,2026-05-29T04:22:33.272909
genetic_algorithm,4,15,0.85,5e-05,0.6,0.1,adam,8,0.9055793881416321,0.9353448152542114,25,36,70.3,2026-05-29T04:23:46.417869
genetic_algorithm,4,16,0.8,5e-05,0.0,0.005,sgd,16,0.5665236115455627,0.5517241358757019,35,40,80.4,2026-05-29T04:25:11.991482
genetic_algorithm,4,17,0.85,0.005,0.0,0.1,sgd,16,0.9270386099815369,0.9396551847457886,18,29,61.0,2026-05-29T04:26:18.110066
genetic_algorithm,4,18,0.85,0.005,0.4,0.005,adam,8,0.9270386099815369,0.9008620977401733,20,31,62.5,2026-05-29T04:27:22.674655
genetic_algorithm,4,19,0.85,0.005,0.0,0.1,adamw,16,0.9484978318214417,0.9482758641242981,31,40,79.0,2026-05-29T04:28:46.816749
genetic_algorithm,4,20,0.8,0.005,0.0,0.1,adam,32,0.9184549450874329,0.9008620977401733,19,30,95.6,2026-05-29T04:33:33.682303
genetic_algorithm,4,21,0.85,0.0005,0.4,0.1,adamw,8,0.9313304424285889,0.943965494632721,18,29,66.8,2026-05-29T04:34:41.366969
genetic_algorithm,4,22,0.99,0.005,0.4,0.1,adamw,32,0.8884119987487793,0.9224137663841248,11,22,48.7,2026-05-29T04:35:33.418433
genetic_algorithm,4,23,0.85,0.005,0.4,0.1,adam,8,0.9356223344802856,0.9181034564971924,30,40,71.8,2026-05-29T04:36:46.280694
genetic_algorithm,4,24,0.7,0.005,0.4,0.005,adamw,8,0.9270386099815369,0.9051724076271057,11,22,59.6,2026-05-29T04:37:46.939142
genetic_algorithm,4,25,0.85,0.005,0.6,0.005,adam,32,0.9270386099815369,0.9094827771186829,20,31,64.7,2026-05-29T04:38:55.385694
genetic_algorithm,4,26,0.8,0.005,0.0,0.005,adamw,8,0.9141631126403809,0.9181034564971924,22,33,70.5,2026-05-29T04:40:07.212501
genetic_algorithm,4,27,0.85,0.005,0.0,0.1,sgd,8,0.9313304424285889,0.9396551847457886,22,33,67.1,2026-05-29T04:41:15.827150
genetic_algorithm,4,28,0.85,0.005,0.6,0.1,sgd,8,0.9313304424285889,0.9396551847457886,17,28,57.3,2026-05-29T04:42:14.660957
genetic_algorithm,4,29,0.85,0.0001,0.3,0.1,sgd,32,0.6008583903312683,0.5818965435028076,35,40,73.2,2026-05-29T04:43:31.784631
genetic_algorithm,4,30,0.85,0.0005,0.4,0.005,adamw,8,0.9184549450874329,0.931034505367279,7,18,44.3,2026-05-29T04:44:17.541508
genetic_algorithm,4,31,0.85,0.0005,0.6,0.1,adamw,8,0.9227467775344849,0.9353448152542114,13,24,53.7,2026-05-29T04:45:12.784908
genetic_algorithm,4,32,0.85,0.0005,0.4,0.1,sgd,8,0.8841201663017273,0.8706896305084229,24,35,64.6,2026-05-29T04:46:19.177675
genetic_algorithm,4,33,0.7,0.005,0.6,0.1,sgd,8,0.9313304424285889,0.9353448152542114,18,29,64.1,2026-05-29T04:47:25.065455
genetic_algorithm,4,34,0.85,0.005,0.6,0.1,adam,8,0.9270386099815369,0.9353448152542114,38,40,72.8,2026-05-29T04:48:39.731872
genetic_algorithm,4,35,0.85,1e-05,0.6,0.1,adam,8,0.7768240571022034,0.7887930870056152,31,40,75.6,2026-05-29T04:49:57.261912
genetic_algorithm,4,36,0.85,0.005,0.2,0.005,adamw,8,0.9313304424285889,0.931034505367279,30,40,80.4,2026-05-29T04:51:20.500201
genetic_algorithm,4,37,0.8,0.0001,0.5,0.1,adam,8,0.9313304424285889,0.9224137663841248,14,25,57.7,2026-05-29T04:52:20.537195
genetic_algorithm,4,38,0.85,1e-05,0.5,0.1,adamw,8,0.7811158895492554,0.7586206793785095,33,40,77.2,2026-05-29T04:53:40.050325
genetic_algorithm,4,39,0.7,0.005,0.2,0.1,sgd,8,0.9442059993743896,0.9396551847457886,22,33,75.3,2026-05-29T04:54:58.045797
genetic_algorithm,4,40,0.85,0.005,0.2,0.1,adamw,32,0.9484978318214417,0.9353448152542114,33,40,80.4,2026-05-29T04:56:24.092068
genetic_algorithm,4,41,0.8,5e-05,0.5,0.1,adam,8,0.9141631126403809,0.931034505367279,15,26,55.4,2026-05-29T04:57:22.085772
genetic_algorithm,4,42,0.85,0.0005,0.6,0.1,adam,32,0.9399141669273376,0.9353448152542114,12,23,84.4,2026-05-29T05:01:23.864094
genetic_algorithm,4,43,0.8,0.0005,0.5,0.005,adam,8,0.9184549450874329,0.9181034564971924,13,24,61.6,2026-05-29T05:02:26.401654
genetic_algorithm,4,44,0.99,0.0001,0.5,0.1,adamw,32,0.8283261656761169,0.8275862336158752,29,40,68.5,2026-05-29T05:03:38.850875
genetic_algorithm,4,45,0.7,0.005,0.4,0.1,adamw,8,0.9141631126403809,0.892241358757019,16,27,70.5,2026-05-29T05:04:50.450553
genetic_algorithm,4,46,0.7,0.0005,0.6,0.1,adamw,8,0.9227467775344849,0.9008620977401733,4,15,47.5,2026-05-29T05:05:39.042521
genetic_algorithm,4,47,0.85,0.0001,0.0,0.1,sgd,8,0.7553648352622986,0.7715517282485962,39,40,70.1,2026-05-29T05:06:50.494219
genetic_algorithm,4,48,0.7,0.005,0.4,0.1,adam,8,0.9184549450874329,0.8965517282485962,26,37,75.2,2026-05-29T05:08:07.026802
genetic_algorithm,4,49,0.8,0.0001,0.3,0.1,adam,32,0.9141631126403809,0.9267241358757019,21,32,64.3,2026-05-29T05:09:15.443610
genetic_algorithm,4,50,0.7,0.005,0.6,0.005,sgd,8,0.9313304424285889,0.943965494632721,16,27,60.9,2026-05-29T05:10:17.810616
genetic_algorithm,4,51,0.85,0.005,0.6,0.005,sgd,8,0.9141631126403809,0.9353448152542114,5,16,41.4,2026-05-29T05:11:00.739812
genetic_algorithm,4,52,0.85,0.0005,0.6,0.1,adam,8,0.9270386099815369,0.9482758641242981,20,31,63.2,2026-05-29T05:12:05.514700
genetic_algorithm,4,53,0.8,0.0005,0.5,0.005,sgd,8,0.8969957232475281,0.892241358757019,16,27,57.6,2026-05-29T05:13:05.066075
genetic_algorithm,4,54,0.7,0.0005,0.4,0.1,adam,32,0.9270386099815369,0.943965494632721,8,19,82.0,2026-05-29T05:20:48.196993
genetic_algorithm,4,55,0.7,0.0005,0.6,0.005,sgd,8,0.9098712205886841,0.892241358757019,28,39,75.4,2026-05-29T05:22:04.436875
genetic_algorithm,4,56,0.99,0.005,0.6,0.005,adamw,32,0.8884119987487793,0.8965517282485962,15,26,48.2,2026-05-29T05:22:55.886257
genetic_algorithm,4,57,0.7,0.0005,0.6,0.1,adam,32,0.9356223344802856,0.931034505367279,13,24,58.7,2026-05-29T05:23:57.831026
genetic_algorithm,4,58,0.7,0.0005,0.6,0.1,adam,8,0.9227467775344849,0.9051724076271057,3,14,41.8,2026-05-29T05:24:40.700149
genetic_algorithm,4,59,0.85,0.005,0.0,0.005,sgd,32,0.9141631126403809,0.9224137663841248,19,30,57.2,2026-05-29T05:25:41.575513
genetic_algorithm,4,60,0.85,0.0005,0.6,0.1,sgd,8,0.8798283338546753,0.8879310488700867,32,40,66.0,2026-05-29T05:26:48.849542
genetic_algorithm,4,61,0.85,0.0005,0.6,0.1,adamw,32,0.9270386099815369,0.9353448152542114,16,27,57.9,2026-05-29T05:27:50.446534
genetic_algorithm,4,62,0.7,0.0001,0.3,0.005,sgd,32,0.540772557258606,0.5344827771186829,33,40,73.5,2026-05-29T05:29:07.674943
genetic_algorithm,4,63,0.85,0.0005,0.6,0.005,adamw,32,0.9356223344802856,0.9137930870056152,15,26,56.5,2026-05-29T05:30:07.943461
genetic_algorithm,4,64,0.7,0.0005,0.4,0.005,sgd,8,0.9098712205886841,0.8879310488700867,11,22,49.9,2026-05-29T05:30:59.338502
genetic_algorithm,4,65,0.7,0.0005,0.6,0.1,sgd,8,0.9184549450874329,0.9051724076271057,23,34,65.2,2026-05-29T05:32:06.158411
genetic_algorithm,4,66,0.85,0.0005,0.4,0.1,sgd,32,0.7982832789421082,0.8017241358757019,37,40,68.4,2026-05-29T05:33:18.568292
genetic_algorithm,4,67,0.7,0.0005,0.6,0.1,sgd,32,0.8369098901748657,0.8405172228813171,39,40,72.9,2026-05-29T05:34:35.709658
genetic_algorithm,4,68,0.7,1e-05,0.6,0.1,adam,32,0.6695278882980347,0.6637930870056152,32,40,77.8,2026-05-29T05:35:57.683568
genetic_algorithm,4,69,0.85,0.0005,0.2,0.1,adam,32,0.9442059993743896,0.9224137663841248,13,24,54.3,2026-05-29T05:36:56.617341
genetic_algorithm,4,70,0.8,0.0001,0.5,0.1,adam,32,0.9055793881416321,0.931034505367279,25,36,68.3,2026-05-29T05:38:09.458423
genetic_algorithm,4,71,0.85,1e-05,0.5,0.1,adam,32,0.6995708346366882,0.6896551847457886,39,40,70.4,2026-05-29T05:39:24.208209
genetic_algorithm,4,72,0.7,0.005,0.5,0.005,sgd,8,0.9184549450874329,0.931034505367279,11,22,49.4,2026-05-29T05:40:15.794195
genetic_algorithm,4,73,0.85,5e-05,0.6,0.005,adamw,32,0.8712446093559265,0.892241358757019,26,37,67.7,2026-05-29T05:41:28.348406
genetic_algorithm,4,74,0.8,0.0005,0.0,0.1,adam,32,0.9098712205886841,0.9181034564971924,9,20,50.7,2026-05-29T05:42:23.699061
genetic_algorithm,4,75,0.8,0.0005,0.6,0.005,adamw,16,0.9313304424285889,0.9353448152542114,6,17,59.6,2026-05-29T05:43:28.166465
genetic_algorithm,4,76,0.8,0.0005,0.2,0.005,adamw,32,0.9055793881416321,0.9267241358757019,6,17,49.8,2026-05-29T05:44:22.844551
genetic_algorithm,4,77,0.85,0.0005,0.6,0.005,adam,32,0.9356223344802856,0.9396551847457886,12,23,53.2,2026-05-29T05:45:21.177220
genetic_algorithm,4,78,0.85,0.0005,0.2,0.005,adam,32,0.9184549450874329,0.9094827771186829,7,18,72.3,2026-05-29T05:49:15.929499
genetic_algorithm,4,79,0.99,0.0005,0.6,0.1,adam,32,0.8755365014076233,0.875,18,29,50.6,2026-05-29T05:50:09.597373
genetic_algorithm,4,80,0.85,0.0005,0.4,0.005,adam,32,0.9313304424285889,0.9396551847457886,17,28,56.9,2026-05-29T05:51:09.632298
genetic_algorithm,4,81,0.85,1e-05,0.2,0.1,adam,32,0.7639485001564026,0.7155172228813171,38,40,69.6,2026-05-29T05:52:22.436747
genetic_algorithm,4,82,0.85,0.0005,0.2,0.1,adamw,8,0.9313304424285889,0.9568965435028076,13,24,55.3,2026-05-29T05:53:18.833142
genetic_algorithm,4,83,0.85,0.0005,0.0,0.1,sgd,32,0.8068669438362122,0.7758620977401733,28,39,66.1,2026-05-29T05:54:28.469938
genetic_algorithm,4,84,0.85,0.0005,0.6,0.1,sgd,32,0.8068669438362122,0.8146551847457886,29,40,67.8,2026-05-29T05:55:39.884374
genetic_algorithm,4,85,0.8,0.005,0.4,0.1,adam,32,0.9356223344802856,0.931034505367279,27,38,68.8,2026-05-29T05:56:52.396724
genetic_algorithm,4,86,0.85,0.0001,0.3,0.1,adam,32,0.9184549450874329,0.9224137663841248,17,28,57.6,2026-05-29T05:57:53.854866
genetic_algorithm,4,87,0.8,0.005,0.4,0.005,adam,32,0.9270386099815369,0.9267241358757019,33,40,70.7,2026-05-29T05:59:08.378924
genetic_algorithm,4,88,0.8,0.0001,0.4,0.1,adam,32,0.9012875556945801,0.931034505367279,25,36,68.0,2026-05-29T06:00:20.321923
genetic_algorithm,4,89,0.85,0.0005,0.2,0.005,adam,8,0.9227467775344849,0.9267241358757019,10,21,46.9,2026-05-29T06:01:09.407054
genetic_algorithm,4,90,0.85,0.0005,0.4,0.005,sgd,8,0.8884119987487793,0.9051724076271057,26,37,64.5,2026-05-29T06:02:15.617359
genetic_algorithm,4,91,0.85,0.0005,0.2,0.005,sgd,32,0.8197425007820129,0.7931034564971924,33,40,69.3,2026-05-29T06:03:29.327160
genetic_algorithm,4,92,0.85,0.0005,0.2,0.1,sgd,32,0.8068669438362122,0.7629310488700867,32,40,67.9,2026-05-29T06:04:41.827659
genetic_algorithm,4,93,0.85,1e-05,0.2,0.1,adamw,32,0.729613721370697,0.7198275923728943,32,40,72.4,2026-05-29T06:05:58.337505
genetic_algorithm,4,94,0.85,0.0005,0.2,0.1,adam,8,0.9313304424285889,0.9482758641242981,10,21,47.3,2026-05-29T06:06:47.864314
genetic_algorithm,4,95,0.85,0.0005,0.4,0.1,adam,32,0.9399141669273376,0.9353448152542114,17,28,57.8,2026-05-29T06:07:50.239232
genetic_algorithm,4,96,0.85,0.005,0.2,0.1,sgd,8,0.9356223344802856,0.9482758641242981,14,25,50.0,2026-05-29T06:08:42.404848
genetic_algorithm,4,97,0.85,5e-05,0.4,0.1,adam,32,0.8841201663017273,0.8793103694915771,37,40,70.5,2026-05-29T06:09:57.471036
genetic_algorithm,4,98,0.8,0.005,0.2,0.1,adamw,32,0.9055793881416321,0.9353448152542114,22,33,66.1,2026-05-29T06:11:08.110636
genetic_algorithm,4,99,0.85,0.005,0.4,0.1,adam,32,0.9270386099815369,0.9224137663841248,23,34,64.2,2026-05-29T06:12:16.941164
